date,city,season,month,year,temp_max,temp_min,rainfall_mm,windspeed,rainy_week,temp_category,swiggy_trend,zomato_trend,order_food_trend,demand_score
01-01-2024,Ahmedabad,Winter,1,2024,26.84285714,14.78571429,0,13.71428571,Dry,Pleasant,17,42,1,20
01-01-2024,Bangalore,Winter,1,2024,27.47142857,17.71428571,4.1,17.72857143,Dry,Pleasant,33,34,1,22.66666667
01-01-2024,Chennai,Winter,1,2024,28.22857143,23.81428571,24.3,19.14285714,Rainy,Pleasant,53,40,2,31.66666667
01-01-2024,Delhi,Winter,1,2024,16.68571429,5.742857143,0.1,8.971428571,Dry,Cold,31,49,1,27
01-01-2024,Jaipur,Winter,1,2024,18.47142857,6.814285714,0,8.942857143,Dry,Cold,21,39,0,20
01-01-2024,Kolkata,Winter,1,2024,25.3,13.81428571,0,9.971428571,Dry,Pleasant,33,50,0,27.66666667
01-01-2024,Lucknow,Winter,1,2024,20.3,9.628571429,12.4,8.657142857,Rainy,Pleasant,29,56,2,29
01-01-2024,Mumbai,Winter,1,2024,30.7,19.51428571,0,18.5,Dry,Hot,24,38,1,21
01-01-2024,Pune,Winter,1,2024,29.62857143,15.97142857,0.8,11.1,Dry,Pleasant,24,38,1,21
08-01-2024,Ahmedabad,Winter,1,2024,28.17142857,16.14285714,0,13.25714286,Dry,Pleasant,18,46,1,21.66666667
08-01-2024,Bangalore,Winter,1,2024,26.71428571,17.08571429,3.4,19.77142857,Dry,Pleasant,29,36,1,22
08-01-2024,Chennai,Winter,1,2024,28.11428571,23.42857143,26.1,17.27142857,Rainy,Pleasant,53,43,2,32.66666667
08-01-2024,Delhi,Winter,1,2024,17.3,5.442857143,0,11.77142857,Dry,Cold,28,54,0,27.33333333
08-01-2024,Jaipur,Winter,1,2024,20.67142857,6.828571429,0,10.07142857,Dry,Pleasant,21,43,0,21.33333333
08-01-2024,Kolkata,Winter,1,2024,24.37142857,12.87142857,0,11.15714286,Dry,Pleasant,34,58,0,30.66666667
08-01-2024,Lucknow,Winter,1,2024,19.45714286,7.314285714,1.2,10.81428571,Dry,Cold,29,62,1,30.66666667
08-01-2024,Mumbai,Winter,1,2024,32.37142857,21.9,2.2,16.54285714,Dry,Hot,22,39,1,20.66666667
08-01-2024,Pune,Winter,1,2024,29.08571429,17.28571429,4.3,12.74285714,Dry,Pleasant,22,39,1,20.66666667
15-01-2024,Ahmedabad,Winter,1,2024,26.84285714,13.34285714,0,11.91428571,Dry,Pleasant,17,42,0,19.66666667
15-01-2024,Bangalore,Winter,1,2024,28.75714286,16.38571429,0,16.07142857,Dry,Pleasant,32,36,1,23
15-01-2024,Chennai,Winter,1,2024,28.47142857,21.61428571,0.1,12.51428571,Dry,Pleasant,56,41,2,33
15-01-2024,Delhi,Winter,1,2024,16.8,5.028571429,0,10.32857143,Dry,Cold,31,54,2,29
15-01-2024,Jaipur,Winter,1,2024,20.52857143,7.414285714,0,10.71428571,Dry,Pleasant,25,40,0,21.66666667
15-01-2024,Kolkata,Winter,1,2024,22.12857143,12.98571429,16.6,9.714285714,Rainy,Pleasant,36,55,1,30.66666667
15-01-2024,Lucknow,Winter,1,2024,17.57142857,5.357142857,0,9.728571429,Dry,Cold,32,62,2,32
15-01-2024,Mumbai,Winter,1,2024,28.58571429,17.64285714,0,17.77142857,Dry,Pleasant,24,39,1,21.33333333
15-01-2024,Pune,Winter,1,2024,28.61428571,13.97142857,0,13.88571429,Dry,Pleasant,24,39,1,21.33333333
22-01-2024,Ahmedabad,Winter,1,2024,27.92857143,12.98571429,0,12.04285714,Dry,Pleasant,18,44,1,21
22-01-2024,Bangalore,Winter,1,2024,28.78571429,16.82857143,0,17.28571429,Dry,Pleasant,35,34,1,23.33333333
22-01-2024,Chennai,Winter,1,2024,29.02857143,22.48571429,1.5,15.54285714,Dry,Pleasant,50,42,2,31.33333333
22-01-2024,Delhi,Winter,1,2024,18.42857143,5.928571429,0,11.44285714,Dry,Cold,36,57,1,31.33333333
22-01-2024,Jaipur,Winter,1,2024,21.71428571,7.985714286,0,10.95714286,Dry,Pleasant,21,40,0,20.33333333
22-01-2024,Kolkata,Winter,1,2024,22.6,11.92857143,8.8,10.54285714,Dry,Pleasant,39,58,0,32.33333333
22-01-2024,Lucknow,Winter,1,2024,18.9,5.957142857,0,10.45714286,Dry,Cold,37,66,1,34.66666667
22-01-2024,Mumbai,Winter,1,2024,31.21428571,17.98571429,0,18.61428571,Dry,Hot,25,44,1,23.33333333
22-01-2024,Pune,Winter,1,2024,28.95714286,14.41428571,0,12.25714286,Dry,Pleasant,25,44,1,23.33333333
29-01-2024,Ahmedabad,Winter,1,2024,29.9,15.98571429,0,11.32857143,Dry,Pleasant,20,56,0,25.33333333
29-01-2024,Bangalore,Winter,1,2024,29.62857143,17.58571429,0,16.45714286,Dry,Pleasant,37,44,1,27.33333333
29-01-2024,Chennai,Winter,1,2024,29.52857143,22.71428571,0.9,14.98571429,Dry,Pleasant,49,46,1,32
29-01-2024,Delhi,Winter,1,2024,20.52857143,10.15714286,46.1,14.4,Rainy,Pleasant,34,65,1,33.33333333
29-01-2024,Jaipur,Winter,1,2024,23.95714286,11.84285714,5.9,14.7,Dry,Pleasant,24,44,1,23
29-01-2024,Kolkata,Winter,1,2024,25.9,15.25714286,27.6,10.8,Rainy,Pleasant,40,70,2,37.33333333
29-01-2024,Lucknow,Winter,1,2024,21.74285714,10.24285714,32.4,12.57142857,Rainy,Pleasant,35,68,1,34.66666667
29-01-2024,Mumbai,Winter,1,2024,31.27142857,19.45714286,0,19.85714286,Dry,Hot,27,50,1,26
29-01-2024,Pune,Winter,1,2024,30.55714286,15.55714286,0,13.01428571,Dry,Hot,27,50,1,26
05-02-2024,Ahmedabad,Winter,2,2024,29.47142857,17.27142857,0,14.91428571,Dry,Pleasant,20,51,0,23.66666667
05-02-2024,Bangalore,Winter,2,2024,31.67142857,16.8,0,17.98571429,Dry,Hot,36,42,1,26.33333333
05-02-2024,Chennai,Winter,2,2024,30.25714286,22.37142857,0.3,14.6,Dry,Hot,51,44,2,32.33333333
05-02-2024,Delhi,Winter,2,2024,19.64285714,8.157142857,2.1,16.58571429,Dry,Cold,35,62,1,32.66666667
05-02-2024,Jaipur,Winter,2,2024,21.42857143,9.371428571,0.1,12.31428571,Dry,Pleasant,22,48,0,23.33333333
05-02-2024,Kolkata,Winter,2,2024,25.88571429,15.08571429,1.4,11.81428571,Dry,Pleasant,41,65,0,35.33333333
05-02-2024,Lucknow,Winter,2,2024,20.64285714,9.085714286,8.4,14.25714286,Dry,Pleasant,34,66,1,33.66666667
05-02-2024,Mumbai,Winter,2,2024,31.67142857,20.28571429,0,22.38571429,Dry,Hot,27,45,1,24.33333333
05-02-2024,Pune,Winter,2,2024,33.65714286,16.48571429,0,16.78571429,Dry,Hot,27,45,1,24.33333333
12-02-2024,Ahmedabad,Winter,2,2024,31.98571429,18.45714286,0,15.6,Dry,Hot,21,52,1,24.66666667
12-02-2024,Bangalore,Winter,2,2024,30.87142857,16.88571429,0,18.9,Dry,Hot,34,38,1,24.33333333
12-02-2024,Chennai,Winter,2,2024,30.27142857,23.05714286,1.2,16.85714286,Dry,Hot,57,43,1,33.66666667
12-02-2024,Delhi,Winter,2,2024,23.55714286,9.071428571,0,13.2,Dry,Pleasant,31,59,1,30.33333333
12-02-2024,Jaipur,Winter,2,2024,24.98571429,11.28571429,0.1,10.98571429,Dry,Pleasant,20,42,0,20.66666667
12-02-2024,Kolkata,Winter,2,2024,28.52857143,16.41428571,0.3,11.38571429,Dry,Pleasant,35,60,0,31.66666667
12-02-2024,Lucknow,Winter,2,2024,24.58571429,11.5,0.2,10.5,Dry,Pleasant,33,62,1,32
12-02-2024,Mumbai,Winter,2,2024,33.11428571,19.71428571,0,19.32857143,Dry,Hot,24,46,1,23.66666667
12-02-2024,Pune,Winter,2,2024,33.81428571,17.02857143,0,13.68571429,Dry,Hot,24,46,1,23.66666667
19-02-2024,Ahmedabad,Winter,2,2024,31.25714286,17.95714286,0.1,15.71428571,Dry,Hot,20,47,0,22.33333333
19-02-2024,Bangalore,Winter,2,2024,31.94285714,19.02857143,0,15.81428571,Dry,Hot,36,37,1,24.66666667
19-02-2024,Chennai,Winter,2,2024,31.64285714,24.2,2.3,20.42857143,Dry,Hot,56,41,1,32.66666667
19-02-2024,Delhi,Winter,2,2024,25.02857143,11.58571429,0.2,18.21428571,Dry,Pleasant,30,58,1,29.66666667
19-02-2024,Jaipur,Winter,2,2024,25.65714286,13.54285714,0.5,20.02857143,Dry,Pleasant,24,41,0,21.66666667
19-02-2024,Kolkata,Winter,2,2024,29.47142857,19.74285714,8.5,14.82857143,Dry,Pleasant,41,63,1,35
19-02-2024,Lucknow,Winter,2,2024,25.72857143,12.45714286,1.9,14.31428571,Dry,Pleasant,33,62,1,32
19-02-2024,Mumbai,Winter,2,2024,31.05714286,19.48571429,0.3,22.35714286,Dry,Hot,26,41,1,22.66666667
19-02-2024,Pune,Winter,2,2024,32.41428571,16.81428571,0,16.84285714,Dry,Hot,26,41,1,22.66666667
26-02-2024,Ahmedabad,Winter,2,2024,33,19.75714286,4.6,17.45714286,Dry,Hot,21,43,0,21.33333333
26-02-2024,Bangalore,Winter,2,2024,32.08571429,17.42857143,0,19.18571429,Dry,Hot,36,36,1,24.33333333
26-02-2024,Chennai,Winter,2,2024,31.68571429,23.88571429,1,17.41428571,Dry,Hot,58,45,2,35
26-02-2024,Delhi,Winter,2,2024,24.72857143,13.3,19.5,18.1,Rainy,Pleasant,29,54,0,27.66666667
26-02-2024,Jaipur,Winter,2,2024,25.77142857,13.72857143,6.1,16.08571429,Dry,Pleasant,22,37,0,19.66666667
26-02-2024,Kolkata,Winter,2,2024,29.94285714,18.45714286,0.4,9.357142857,Dry,Pleasant,35,54,0,29.66666667
26-02-2024,Lucknow,Winter,2,2024,25.65714286,14.18571429,21.5,14.78571429,Rainy,Pleasant,35,57,1,31
26-02-2024,Mumbai,Winter,2,2024,32.9,21.42857143,0.2,19.64285714,Dry,Hot,25,38,1,21.33333333
26-02-2024,Pune,Winter,2,2024,34.28571429,20.14285714,0,18.54285714,Dry,Hot,25,38,1,21.33333333
04-03-2024,Ahmedabad,Summer,3,2024,31.52857143,16.11428571,0,12.82857143,Dry,Hot,18,44,0,20.66666667
04-03-2024,Bangalore,Summer,3,2024,33.95714286,20.17142857,0,18.4,Dry,Hot,35,38,1,24.66666667
04-03-2024,Chennai,Summer,3,2024,32.32857143,23.5,0.1,19.64285714,Dry,Hot,53,44,2,33
04-03-2024,Delhi,Summer,3,2024,23.54285714,10.6,0,15.21428571,Dry,Pleasant,29,53,0,27.33333333
04-03-2024,Jaipur,Summer,3,2024,25.78571429,11.88571429,0.4,14.57142857,Dry,Pleasant,21,39,0,20
04-03-2024,Kolkata,Summer,3,2024,30.3,18.7,1.2,12.24285714,Dry,Hot,36,56,1,31
04-03-2024,Lucknow,Summer,3,2024,24.98571429,12.45714286,5.6,16.18571429,Dry,Pleasant,33,58,1,30.66666667
04-03-2024,Mumbai,Summer,3,2024,32.2,19.52857143,0,23.47142857,Dry,Hot,25,41,1,22.33333333
04-03-2024,Pune,Summer,3,2024,34.82857143,16.68571429,0,19.18571429,Dry,Hot,25,41,1,22.33333333
11-03-2024,Ahmedabad,Summer,3,2024,34.68571429,20.35714286,0,15.08571429,Dry,Hot,20,56,1,25.66666667
11-03-2024,Bangalore,Summer,3,2024,34.48571429,21.32857143,0,17.97142857,Dry,Hot,36,44,1,27
11-03-2024,Chennai,Summer,3,2024,32.87142857,24.88571429,1,22.18571429,Dry,Hot,57,49,2,36
11-03-2024,Delhi,Summer,3,2024,28.64285714,13.62857143,0.2,15.14285714,Dry,Pleasant,32,64,0,32
11-03-2024,Jaipur,Summer,3,2024,30,15.82857143,0,16.47142857,Dry,Hot,23,46,0,23
11-03-2024,Kolkata,Summer,3,2024,32.57142857,21.62857143,14.1,17.88571429,Rainy,Hot,40,71,0,37
11-03-2024,Lucknow,Summer,3,2024,29.88571429,14.68571429,0,13.35714286,Dry,Pleasant,32,69,1,34
11-03-2024,Mumbai,Summer,3,2024,31.97142857,20.5,0,21.67142857,Dry,Hot,24,46,1,23.66666667
11-03-2024,Pune,Summer,3,2024,35.8,18.87142857,0,20.04285714,Dry,Hot,24,46,1,23.66666667
18-03-2024,Ahmedabad,Summer,3,2024,37.61428571,21.6,0,13.5,Dry,Hot,23,49,1,24.33333333
18-03-2024,Bangalore,Summer,3,2024,34.38571429,19.98571429,0,18.44285714,Dry,Hot,36,38,1,25
18-03-2024,Chennai,Summer,3,2024,32.2,24.8,3.7,18.12857143,Dry,Hot,57,44,1,34
18-03-2024,Delhi,Summer,3,2024,30.94285714,15.97142857,0.1,18.25714286,Dry,Hot,37,63,1,33.66666667
18-03-2024,Jaipur,Summer,3,2024,33.14285714,17.61428571,0.1,16.4,Dry,Hot,21,43,0,21.33333333
18-03-2024,Kolkata,Summer,3,2024,29.11428571,20.38571429,34.3,15.62857143,Rainy,Pleasant,40,63,0,34.33333333
18-03-2024,Lucknow,Summer,3,2024,30.45714286,15.3,0,14.9,Dry,Hot,35,64,1,33.33333333
18-03-2024,Mumbai,Summer,3,2024,34.15714286,21.62857143,0,19.41428571,Dry,Hot,27,48,1,25.33333333
18-03-2024,Pune,Summer,3,2024,36.01428571,20.21428571,0,18.58571429,Dry,Hot,27,48,1,25.33333333
25-03-2024,Ahmedabad,Summer,3,2024,39.24285714,24.87142857,0,13.94285714,Dry,Very Hot,18,49,1,22.66666667
25-03-2024,Bangalore,Summer,3,2024,35.48571429,19.98571429,0,18.55714286,Dry,Hot,34,38,1,24.33333333
25-03-2024,Chennai,Summer,3,2024,33.24285714,24.12857143,0,20.44285714,Dry,Hot,58,43,1,34
25-03-2024,Delhi,Summer,3,2024,35.1,20.31428571,0,18.87142857,Dry,Hot,30,61,1,30.66666667
25-03-2024,Jaipur,Summer,3,2024,36.57142857,21.9,0,17.42857143,Dry,Hot,20,43,0,21
25-03-2024,Kolkata,Summer,3,2024,34.54285714,23.88571429,11.8,17.17142857,Rainy,Hot,39,62,1,34
25-03-2024,Lucknow,Summer,3,2024,35.41428571,20.04285714,0.3,18.12857143,Dry,Hot,27,64,1,30.66666667
25-03-2024,Mumbai,Summer,3,2024,33.67142857,22.62857143,0,21.58571429,Dry,Hot,25,44,1,23.33333333
25-03-2024,Pune,Summer,3,2024,38.51428571,23.18571429,0.1,20,Dry,Very Hot,25,44,1,23.33333333
01-04-2024,Ahmedabad,Summer,4,2024,37.77142857,24.54285714,0,15.78571429,Dry,Hot,19,47,1,22.33333333
01-04-2024,Bangalore,Summer,4,2024,36.84285714,21.81428571,0,17.51428571,Dry,Hot,38,39,1,26
01-04-2024,Chennai,Summer,4,2024,35.24285714,26.11428571,0.1,24.08571429,Dry,Hot,61,49,3,37.66666667
01-04-2024,Delhi,Summer,4,2024,34.62857143,19.47142857,0,21.37142857,Dry,Hot,31,57,1,29.66666667
01-04-2024,Jaipur,Summer,4,2024,34.71428571,21.31428571,0.5,17.08571429,Dry,Hot,24,40,0,21.33333333
01-04-2024,Kolkata,Summer,4,2024,36.97142857,25.8,21.4,17.77142857,Rainy,Hot,41,63,0,34.66666667
01-04-2024,Lucknow,Summer,4,2024,36.44285714,21.08571429,0,19.4,Dry,Hot,34,62,1,32.33333333
01-04-2024,Mumbai,Summer,4,2024,34.57142857,23.42857143,0,23.15714286,Dry,Hot,29,44,1,24.66666667
01-04-2024,Pune,Summer,4,2024,39.1,23.02857143,0,23.1,Dry,Very Hot,29,44,1,24.66666667
08-04-2024,Ahmedabad,Summer,4,2024,39.8,25.02857143,0.2,14.48571429,Dry,Very Hot,21,42,0,21
08-04-2024,Bangalore,Summer,4,2024,35.5,21.18571429,0.1,20.92857143,Dry,Hot,35,33,1,23
08-04-2024,Chennai,Summer,4,2024,33.91428571,26.47142857,0.5,18.14285714,Dry,Hot,61,40,2,34.33333333
08-04-2024,Delhi,Summer,4,2024,37.45714286,21.52857143,1.7,15.28571429,Dry,Hot,32,55,1,29.33333333
08-04-2024,Jaipur,Summer,4,2024,36.62857143,22.2,0.9,17.51428571,Dry,Hot,23,38,1,20.66666667
08-04-2024,Kolkata,Summer,4,2024,34.74285714,22.88571429,0.9,13.01428571,Dry,Hot,38,58,1,32.33333333
08-04-2024,Lucknow,Summer,4,2024,37.77142857,21.68571429,0,14.6,Dry,Hot,33,55,1,29.66666667
08-04-2024,Mumbai,Summer,4,2024,33.17142857,22.37142857,0,19.55714286,Dry,Hot,27,44,1,24
08-04-2024,Pune,Summer,4,2024,38.57142857,21.22857143,0,22,Dry,Very Hot,27,44,1,24
15-04-2024,Ahmedabad,Summer,4,2024,40.32857143,27.02857143,0,18.1,Dry,Very Hot,22,46,1,23
15-04-2024,Bangalore,Summer,4,2024,37.11428571,22.4,0,17.42857143,Dry,Hot,37,37,1,25
15-04-2024,Chennai,Summer,4,2024,35.64285714,26.57142857,0.2,24.12857143,Dry,Hot,59,46,1,35.33333333
15-04-2024,Delhi,Summer,4,2024,36.67142857,23.14285714,1.3,20.95714286,Dry,Hot,31,56,1,29.33333333
15-04-2024,Jaipur,Summer,4,2024,36.54285714,23.74285714,0.5,22.38571429,Dry,Hot,23,43,0,22
15-04-2024,Kolkata,Summer,4,2024,39.78571429,26.14285714,0,17.24285714,Dry,Very Hot,36,58,1,31.66666667
15-04-2024,Lucknow,Summer,4,2024,39.04285714,25.42857143,0.2,26.31428571,Dry,Very Hot,38,63,1,34
15-04-2024,Mumbai,Summer,4,2024,35.87142857,26.28571429,0,23.21428571,Dry,Hot,28,41,1,23.33333333
15-04-2024,Pune,Summer,4,2024,39.72857143,25.47142857,0.5,19.98571429,Dry,Very Hot,28,41,1,23.33333333
22-04-2024,Ahmedabad,Summer,4,2024,40.07142857,26.41428571,0.1,15.17142857,Dry,Very Hot,20,41,1,20.66666667
22-04-2024,Bangalore,Summer,4,2024,37.52857143,22.28571429,0,20.44285714,Dry,Hot,36,31,1,22.66666667
22-04-2024,Chennai,Summer,4,2024,35.05714286,26.41428571,0,22.98571429,Dry,Hot,57,40,2,33
22-04-2024,Delhi,Summer,4,2024,37.78571429,23.1,0,23.64285714,Dry,Hot,31,52,1,28
22-04-2024,Jaipur,Summer,4,2024,37.62857143,23.84285714,0,17.51428571,Dry,Hot,19,36,0,18.33333333
22-04-2024,Kolkata,Summer,4,2024,40.15714286,27.27142857,1.6,17,Dry,Very Hot,36,53,1,30
22-04-2024,Lucknow,Summer,4,2024,40.35714286,25.1,0,22.57142857,Dry,Very Hot,34,58,1,31
22-04-2024,Mumbai,Summer,4,2024,35.31428571,25.3,0,24.05714286,Dry,Hot,28,40,1,23
22-04-2024,Pune,Summer,4,2024,39.6,24.61428571,3.1,18.84285714,Dry,Very Hot,28,40,1,23
29-04-2024,Ahmedabad,Summer,4,2024,40.74285714,27.08571429,0,17.37142857,Dry,Very Hot,19,41,0,20
29-04-2024,Bangalore,Summer,4,2024,38.11428571,23.77142857,0.9,17.17142857,Dry,Very Hot,34,33,1,22.66666667
29-04-2024,Chennai,Summer,4,2024,37.04285714,28.68571429,0,28.82857143,Dry,Hot,56,41,1,32.66666667
29-04-2024,Delhi,Summer,4,2024,37.32857143,22.68571429,0,20.75714286,Dry,Hot,34,54,1,29.66666667
29-04-2024,Jaipur,Summer,4,2024,37.07142857,23.45714286,0,18.8,Dry,Hot,22,43,0,21.66666667
29-04-2024,Kolkata,Summer,4,2024,40.68571429,28.41428571,0.3,21.95714286,Dry,Very Hot,37,56,1,31.33333333
29-04-2024,Lucknow,Summer,4,2024,40.1,24.34285714,0,21.2,Dry,Very Hot,34,60,1,31.66666667
29-04-2024,Mumbai,Summer,4,2024,34.97142857,24.84285714,0,22.81428571,Dry,Hot,27,40,1,22.66666667
29-04-2024,Pune,Summer,4,2024,39.52857143,23.34285714,0,20.38571429,Dry,Very Hot,27,40,1,22.66666667
06-05-2024,Ahmedabad,Summer,5,2024,41.98571429,28.42857143,0.2,18.31428571,Dry,Very Hot,19,57,1,25.66666667
06-05-2024,Bangalore,Summer,5,2024,34.4,22.4,22.6,16.54285714,Rainy,Hot,33,42,1,25.33333333
06-05-2024,Chennai,Summer,5,2024,34.35714286,27.97142857,15.9,22.35714286,Rainy,Hot,56,46,2,34.66666667
06-05-2024,Delhi,Summer,5,2024,39.62857143,26.4,1.3,20.48571429,Dry,Very Hot,31,64,1,32
06-05-2024,Jaipur,Summer,5,2024,41.45714286,26.68571429,0,20.01428571,Dry,Very Hot,23,55,1,26.33333333
06-05-2024,Kolkata,Summer,5,2024,32.4,24.78571429,78.6,21.18571429,Rainy,Hot,42,74,2,39.33333333
06-05-2024,Lucknow,Summer,5,2024,36.65714286,25.84285714,6.5,23.11428571,Dry,Hot,35,77,1,37.66666667
06-05-2024,Mumbai,Summer,5,2024,33.25714286,26.17142857,0,21.71428571,Dry,Hot,28,47,1,25.33333333
06-05-2024,Pune,Summer,5,2024,37.07142857,22.9,14.5,21.81428571,Rainy,Hot,28,47,1,25.33333333
13-05-2024,Ahmedabad,Summer,5,2024,42.72857143,29.27142857,0.3,19.38571429,Dry,Very Hot,22,42,0,21.33333333
13-05-2024,Bangalore,Summer,5,2024,29.84285714,21.15714286,68.5,13.65714286,Rainy,Pleasant,35,34,1,23.33333333
13-05-2024,Chennai,Summer,5,2024,32.05714286,26.5,49.3,17.01428571,Rainy,Hot,58,41,2,33.66666667
13-05-2024,Delhi,Summer,5,2024,42.67142857,26.61428571,0,20.28571429,Dry,Very Hot,34,48,1,27.66666667
13-05-2024,Jaipur,Summer,5,2024,42.67142857,27.72857143,0.7,18.37142857,Dry,Very Hot,20,39,0,19.66666667
13-05-2024,Kolkata,Summer,5,2024,35.5,26.91428571,8.5,15.38571429,Dry,Hot,39,52,1,30.66666667
13-05-2024,Lucknow,Summer,5,2024,41.28571429,26.78571429,0,17.45714286,Dry,Very Hot,36,61,2,33
13-05-2024,Mumbai,Summer,5,2024,36.02857143,27.31428571,7.5,19.9,Dry,Hot,28,39,1,22.66666667
13-05-2024,Pune,Summer,5,2024,37.84285714,23.75714286,14,19.67142857,Rainy,Hot,28,39,1,22.66666667
20-05-2024,Ahmedabad,Summer,5,2024,45.21428571,30.57142857,0,19.45714286,Dry,Very Hot,19,46,0,21.66666667
20-05-2024,Bangalore,Summer,5,2024,29.58571429,21.37142857,55.7,19.38571429,Rainy,Pleasant,33,35,1,23
20-05-2024,Chennai,Summer,5,2024,33.78571429,26.78571429,101.1,18.11428571,Rainy,Hot,62,42,1,35
20-05-2024,Delhi,Summer,5,2024,42.77142857,29.84285714,0.3,23.61428571,Dry,Very Hot,35,51,1,29
20-05-2024,Jaipur,Summer,5,2024,44.18571429,30.7,0,21.47142857,Dry,Very Hot,20,38,0,19.33333333
20-05-2024,Kolkata,Summer,5,2024,34.05714286,26.97142857,66,20.55714286,Rainy,Hot,45,62,1,36
20-05-2024,Lucknow,Summer,5,2024,40.21428571,28.9,0,18.8,Dry,Very Hot,37,62,1,33.33333333
20-05-2024,Mumbai,Summer,5,2024,34.41428571,28.58571429,1.8,20.72857143,Dry,Hot,27,40,1,22.66666667
20-05-2024,Pune,Summer,5,2024,37.84285714,24.75714286,4.2,24.04285714,Dry,Hot,27,40,1,22.66666667
27-05-2024,Ahmedabad,Summer,5,2024,42.74285714,29.12857143,0,23.77142857,Dry,Very Hot,19,43,1,21
27-05-2024,Bangalore,Summer,5,2024,31.75714286,21.48571429,42.1,18.62857143,Rainy,Hot,31,33,1,21.66666667
27-05-2024,Chennai,Summer,5,2024,38.88571429,29.2,45,22.81428571,Rainy,Very Hot,53,42,1,32
27-05-2024,Delhi,Summer,5,2024,44.88571429,30.48571429,0,22.42857143,Dry,Very Hot,30,54,0,28
27-05-2024,Jaipur,Summer,5,2024,44.48571429,31.11428571,0,24.2,Dry,Very Hot,21,41,0,20.66666667
27-05-2024,Kolkata,Summer,5,2024,33.75714286,28.1,87.6,28.08571429,Rainy,Hot,35,53,0,29.33333333
27-05-2024,Lucknow,Summer,5,2024,44.24285714,30.12857143,0,19.32857143,Dry,Very Hot,31,57,1,29.66666667
27-05-2024,Mumbai,Summer,5,2024,34.07142857,28.52857143,3.4,20.18571429,Dry,Hot,23,36,1,20
27-05-2024,Pune,Summer,5,2024,35.01428571,24.02857143,0.1,24.5,Dry,Hot,23,36,1,20
03-06-2024,Ahmedabad,Monsoon,6,2024,41.38571429,29.44285714,0.1,20.22857143,Dry,Very Hot,19,41,1,20.33333333
03-06-2024,Bangalore,Monsoon,6,2024,28.07142857,21.15714286,49.3,18.71428571,Rainy,Pleasant,32,31,1,21.33333333
03-06-2024,Chennai,Monsoon,6,2024,32.75714286,26.55714286,90.3,18.57142857,Rainy,Hot,54,41,1,32
03-06-2024,Delhi,Monsoon,6,2024,42.08571429,29.15714286,0,22.5,Dry,Very Hot,30,46,1,25.66666667
03-06-2024,Jaipur,Monsoon,6,2024,41.78571429,29.98571429,0,21.11428571,Dry,Very Hot,22,38,0,20
03-06-2024,Kolkata,Monsoon,6,2024,35.91428571,27.88571429,2.1,20.2,Dry,Hot,39,51,0,30
03-06-2024,Lucknow,Monsoon,6,2024,42.44285714,28.98571429,1.2,22.51428571,Dry,Very Hot,37,55,1,31
03-06-2024,Mumbai,Monsoon,6,2024,33.57142857,27.12857143,43.8,16.68571429,Rainy,Hot,25,36,1,20.66666667
03-06-2024,Pune,Monsoon,6,2024,32.65714286,23.71428571,63,18.55714286,Rainy,Hot,25,36,1,20.66666667
10-06-2024,Ahmedabad,Monsoon,6,2024,40.8,29.22857143,0,19.74285714,Dry,Very Hot,21,45,0,22
10-06-2024,Bangalore,Monsoon,6,2024,28.61428571,20.21428571,13.8,23.18571429,Rainy,Pleasant,35,34,1,23.33333333
10-06-2024,Chennai,Monsoon,6,2024,35.64285714,27.31428571,20.7,20.05714286,Rainy,Hot,58,46,2,35.33333333
10-06-2024,Delhi,Monsoon,6,2024,43.67142857,30.42857143,0,24.77142857,Dry,Very Hot,36,56,1,31
10-06-2024,Jaipur,Monsoon,6,2024,41.57142857,30.75714286,1.1,22.92857143,Dry,Very Hot,25,42,0,22.33333333
10-06-2024,Kolkata,Monsoon,6,2024,36.28571429,29.07142857,6.8,20.11428571,Dry,Hot,37,51,0,29.33333333
10-06-2024,Lucknow,Monsoon,6,2024,44.64285714,30.91428571,0,21.08571429,Dry,Very Hot,38,63,2,34.33333333
10-06-2024,Mumbai,Monsoon,6,2024,30,25.82857143,84.1,16.31428571,Rainy,Hot,26,41,1,22.66666667
10-06-2024,Pune,Monsoon,6,2024,28.82857143,22.74285714,70.9,18.4,Rainy,Pleasant,26,41,1,22.66666667
17-06-2024,Ahmedabad,Monsoon,6,2024,40.9,30.08571429,1.8,22.24285714,Dry,Very Hot,19,42,0,20.33333333
17-06-2024,Bangalore,Monsoon,6,2024,28.77142857,20.15714286,17.8,21.11428571,Rainy,Pleasant,32,33,1,22
17-06-2024,Chennai,Monsoon,6,2024,36.14285714,26.95714286,26.4,19.52857143,Rainy,Hot,53,42,1,32
17-06-2024,Delhi,Monsoon,6,2024,40.7,30.4,8.1,22.9,Dry,Very Hot,30,52,1,27.66666667
17-06-2024,Jaipur,Monsoon,6,2024,39.45714286,29.54285714,14.1,20.07142857,Rainy,Very Hot,23,37,0,20
17-06-2024,Kolkata,Monsoon,6,2024,33.91428571,27.94285714,62.5,19.78571429,Rainy,Hot,32,53,0,28.33333333
17-06-2024,Lucknow,Monsoon,6,2024,41.58571429,29.91428571,13.2,21.27142857,Rainy,Very Hot,34,55,1,30
17-06-2024,Mumbai,Monsoon,6,2024,30.01428571,25.81428571,142,19.04285714,Rainy,Hot,26,37,1,21.33333333
17-06-2024,Pune,Monsoon,6,2024,29.5,23.05714286,34.2,21,Rainy,Pleasant,26,37,1,21.33333333
24-06-2024,Ahmedabad,Monsoon,6,2024,34.62857143,27.82857143,68.7,18.51428571,Rainy,Hot,23,46,1,23.33333333
24-06-2024,Bangalore,Monsoon,6,2024,28.3,20.44285714,17.2,26.62857143,Rainy,Pleasant,35,34,0,23
24-06-2024,Chennai,Monsoon,6,2024,35.94285714,27.95714286,4.4,22.57142857,Dry,Hot,55,42,2,33
24-06-2024,Delhi,Monsoon,6,2024,34.14285714,27.41428571,92.2,16.22857143,Rainy,Hot,31,56,1,29.33333333
24-06-2024,Jaipur,Monsoon,6,2024,34.35714286,26.77142857,78.4,15.72857143,Rainy,Hot,21,38,0,19.66666667
24-06-2024,Kolkata,Monsoon,6,2024,32.75714286,27.31428571,57.6,16.28571429,Rainy,Hot,37,58,1,32
24-06-2024,Lucknow,Monsoon,6,2024,35.2,26.67142857,65.7,15.61428571,Rainy,Hot,35,55,1,30.33333333
24-06-2024,Mumbai,Monsoon,6,2024,29.58571429,26.22857143,227.7,27.38571429,Rainy,Pleasant,27,39,1,22.33333333
24-06-2024,Pune,Monsoon,6,2024,28.78571429,23.45714286,34.8,25.15714286,Rainy,Pleasant,27,39,1,22.33333333
01-07-2024,Ahmedabad,Monsoon,7,2024,31.61428571,26.34285714,103.3,18.15714286,Rainy,Hot,21,45,1,22.33333333
01-07-2024,Bangalore,Monsoon,7,2024,28.28571429,20.1,37.1,23.68571429,Rainy,Pleasant,36,40,1,25.66666667
01-07-2024,Chennai,Monsoon,7,2024,35.21428571,26.81428571,12.2,17.81428571,Rainy,Hot,56,43,1,33.33333333
01-07-2024,Delhi,Monsoon,7,2024,32.72857143,25.92857143,37.2,14.32857143,Rainy,Hot,33,57,1,30.33333333
01-07-2024,Jaipur,Monsoon,7,2024,33.54285714,25.55714286,59.8,17,Rainy,Hot,23,42,0,21.66666667
01-07-2024,Kolkata,Monsoon,7,2024,31.4,26,116.2,18.48571429,Rainy,Hot,38,58,0,32
01-07-2024,Lucknow,Monsoon,7,2024,30.62857143,25.8,266,13.25714286,Rainy,Hot,35,63,1,33
01-07-2024,Mumbai,Monsoon,7,2024,29.68571429,26.14285714,83.6,27.41428571,Rainy,Pleasant,28,42,1,23.66666667
01-07-2024,Pune,Monsoon,7,2024,27.22857143,22.91428571,33.2,26.62857143,Rainy,Pleasant,28,42,1,23.66666667
08-07-2024,Ahmedabad,Monsoon,7,2024,32.88571429,26.44285714,35.4,14.85714286,Rainy,Hot,21,47,0,22.66666667
08-07-2024,Bangalore,Monsoon,7,2024,27.74285714,20.05714286,33.8,23.38571429,Rainy,Pleasant,39,42,1,27.33333333
08-07-2024,Chennai,Monsoon,7,2024,32.72857143,26.22857143,37.5,17.15714286,Rainy,Hot,58,49,1,36
08-07-2024,Delhi,Monsoon,7,2024,34.31428571,26.24285714,33.3,14.6,Rainy,Hot,40,60,1,33.66666667
08-07-2024,Jaipur,Monsoon,7,2024,33.68571429,25.4,30.6,14.74285714,Rainy,Hot,24,45,0,23
08-07-2024,Kolkata,Monsoon,7,2024,32.37142857,26.6,51.9,17.58571429,Rainy,Hot,40,62,0,34
08-07-2024,Lucknow,Monsoon,7,2024,33.22857143,26.37142857,44.5,11.51428571,Rainy,Hot,41,68,1,36.66666667
08-07-2024,Mumbai,Monsoon,7,2024,27.57142857,25.12857143,386.5,22.18571429,Rainy,Pleasant,29,45,1,25
08-07-2024,Pune,Monsoon,7,2024,26.67142857,22.58571429,208.2,21.72857143,Rainy,Pleasant,29,45,1,25
15-07-2024,Ahmedabad,Monsoon,7,2024,32.41428571,26.38571429,83.7,15.3,Rainy,Hot,24,44,1,23
15-07-2024,Bangalore,Monsoon,7,2024,25.31428571,20.2,65.9,30.45714286,Rainy,Pleasant,33,36,0,23
15-07-2024,Chennai,Monsoon,7,2024,31.87142857,26.05714286,15.4,22.22857143,Rainy,Hot,56,40,1,32.33333333
15-07-2024,Delhi,Monsoon,7,2024,34.42857143,26.88571429,25.2,14.85714286,Rainy,Hot,35,53,1,29.66666667
15-07-2024,Jaipur,Monsoon,7,2024,34.24285714,26.62857143,6.6,12.55714286,Dry,Hot,23,40,0,21
15-07-2024,Kolkata,Monsoon,7,2024,32.41428571,26.97142857,24.1,21.42857143,Rainy,Hot,37,54,0,30.33333333
15-07-2024,Lucknow,Monsoon,7,2024,34.22857143,27.62857143,28.8,18.07142857,Rainy,Hot,37,58,1,32
15-07-2024,Mumbai,Monsoon,7,2024,27.82857143,25.57142857,314.9,23.81428571,Rainy,Pleasant,42,43,1,28.66666667
15-07-2024,Pune,Monsoon,7,2024,26.91428571,22.81428571,63.6,25.58571429,Rainy,Pleasant,42,43,1,28.66666667
22-07-2024,Ahmedabad,Monsoon,7,2024,30.7,26.11428571,68.7,18.01428571,Rainy,Hot,22,61,1,28
22-07-2024,Bangalore,Monsoon,7,2024,27.17142857,20.64285714,10.4,33.32857143,Rainy,Pleasant,36,51,1,29.33333333
22-07-2024,Chennai,Monsoon,7,2024,36.37142857,27.72857143,6.2,28.04285714,Dry,Hot,62,53,1,38.66666667
22-07-2024,Delhi,Monsoon,7,2024,34.27142857,27.48571429,37.5,13.02857143,Rainy,Hot,39,72,0,37
22-07-2024,Jaipur,Monsoon,7,2024,33.18571429,25.9,79.6,15.58571429,Rainy,Hot,25,58,0,27.66666667
22-07-2024,Kolkata,Monsoon,7,2024,31.58571429,26.52857143,92.7,16.58571429,Rainy,Hot,37,82,0,39.66666667
22-07-2024,Lucknow,Monsoon,7,2024,33.37142857,27.25714286,64.1,17.18571429,Rainy,Hot,40,78,1,39.66666667
22-07-2024,Mumbai,Monsoon,7,2024,27.75714286,25.55714286,275.5,29.6,Rainy,Pleasant,33,56,1,30
22-07-2024,Pune,Monsoon,7,2024,24.54285714,22.47142857,159.7,29.05714286,Rainy,Pleasant,33,56,1,30
29-07-2024,Ahmedabad,Monsoon,7,2024,30.11428571,25.72857143,209,20.17142857,Rainy,Hot,25,62,0,29
29-07-2024,Bangalore,Monsoon,7,2024,26.81428571,20.07142857,43.3,25.15714286,Rainy,Pleasant,37,47,1,28.33333333
29-07-2024,Chennai,Monsoon,7,2024,35.74285714,26.97142857,23.8,18.82857143,Rainy,Hot,68,54,2,41.33333333
29-07-2024,Delhi,Monsoon,7,2024,34.05714286,26.81428571,156.1,18.44285714,Rainy,Hot,37,70,1,36
29-07-2024,Jaipur,Monsoon,7,2024,31.37142857,25.62857143,47.2,16.24285714,Rainy,Hot,26,54,1,27
29-07-2024,Kolkata,Monsoon,7,2024,30.91428571,25.71428571,166.8,18.3,Rainy,Hot,38,73,0,37
29-07-2024,Lucknow,Monsoon,7,2024,33.07142857,26.65714286,42.8,18.9,Rainy,Hot,45,77,1,41
29-07-2024,Mumbai,Monsoon,7,2024,28.08571429,25.31428571,181.6,26.12857143,Rainy,Pleasant,31,47,1,26.33333333
29-07-2024,Pune,Monsoon,7,2024,26.45714286,22.45714286,83.7,27.62857143,Rainy,Pleasant,31,47,1,26.33333333
05-08-2024,Ahmedabad,Monsoon,8,2024,30.24285714,25.18571429,56.7,17.54285714,Rainy,Hot,25,49,1,25
05-08-2024,Bangalore,Monsoon,8,2024,26.8,19.85714286,65.7,16.44285714,Rainy,Pleasant,37,36,1,24.66666667
05-08-2024,Chennai,Monsoon,8,2024,32.47142857,24.92857143,80.8,15.18571429,Rainy,Hot,63,44,2,36.33333333
05-08-2024,Delhi,Monsoon,8,2024,31.4,25.62857143,87.4,14.07142857,Rainy,Hot,40,56,1,32.33333333
05-08-2024,Jaipur,Monsoon,8,2024,29.18571429,24.14285714,64.7,19.98571429,Rainy,Pleasant,28,42,1,23.66666667
05-08-2024,Kolkata,Monsoon,8,2024,31.6,25.57142857,125.2,16.74285714,Rainy,Hot,42,64,0,35.33333333
05-08-2024,Lucknow,Monsoon,8,2024,31.1,25.5,103.8,11.68571429,Rainy,Hot,43,65,1,36.33333333
05-08-2024,Mumbai,Monsoon,8,2024,28.57142857,25.41428571,43.4,19.58571429,Rainy,Pleasant,32,40,1,24.33333333
05-08-2024,Pune,Monsoon,8,2024,27.02857143,22.27142857,21.5,23.42857143,Rainy,Pleasant,32,40,1,24.33333333
12-08-2024,Ahmedabad,Monsoon,8,2024,31.48571429,25.54285714,23.1,13.3,Rainy,Hot,25,71,1,32.33333333
12-08-2024,Bangalore,Monsoon,8,2024,28.75714286,20.21428571,35.7,11.11428571,Rainy,Pleasant,40,52,1,31
12-08-2024,Chennai,Monsoon,8,2024,32.25714286,25.84285714,17.1,16.4,Rainy,Hot,67,57,2,42
12-08-2024,Delhi,Monsoon,8,2024,31.5,25.7,63.7,13.34285714,Rainy,Hot,42,77,1,40
12-08-2024,Jaipur,Monsoon,8,2024,30.22857143,24.3,141.5,14.54285714,Rainy,Hot,26,56,0,27.33333333
12-08-2024,Kolkata,Monsoon,8,2024,32.02857143,25.41428571,117.1,13.65714286,Rainy,Hot,45,80,0,41.66666667
12-08-2024,Lucknow,Monsoon,8,2024,32.17142857,25.94285714,55.2,11.18571429,Rainy,Hot,46,83,2,43.66666667
12-08-2024,Mumbai,Monsoon,8,2024,29.31428571,25.55714286,13.9,16.57142857,Rainy,Pleasant,33,56,1,30
12-08-2024,Pune,Monsoon,8,2024,29.22857143,21.57142857,37.7,15.37142857,Rainy,Pleasant,33,56,1,30
19-08-2024,Ahmedabad,Monsoon,8,2024,30.62857143,25.84285714,118.4,12.3,Rainy,Hot,28,56,1,28.33333333
19-08-2024,Bangalore,Monsoon,8,2024,27.61428571,19.88571429,43.5,21.05714286,Rainy,Pleasant,41,44,1,28.66666667
19-08-2024,Chennai,Monsoon,8,2024,33.37142857,26.65714286,8.1,22.68571429,Dry,Hot,63,49,1,37.66666667
19-08-2024,Delhi,Monsoon,8,2024,31.92857143,25.32857143,43.2,14.02857143,Rainy,Hot,41,65,1,35.66666667
19-08-2024,Jaipur,Monsoon,8,2024,31.35714286,24.68571429,49.6,13.07142857,Rainy,Hot,27,50,0,25.66666667
19-08-2024,Kolkata,Monsoon,8,2024,30.07142857,25.18571429,169.9,11.87142857,Rainy,Hot,44,72,0,38.66666667
19-08-2024,Lucknow,Monsoon,8,2024,31.57142857,25.3,58.3,14.24285714,Rainy,Hot,42,71,1,38
19-08-2024,Mumbai,Monsoon,8,2024,28.64285714,25.35714286,156.1,18.15714286,Rainy,Pleasant,30,45,1,25.33333333
19-08-2024,Pune,Monsoon,8,2024,28.05714286,22.32857143,153.6,16.61428571,Rainy,Pleasant,30,45,1,25.33333333
26-08-2024,Ahmedabad,Monsoon,8,2024,30.1,24.88571429,217.8,24.62857143,Rainy,Hot,23,53,1,25.66666667
26-08-2024,Bangalore,Monsoon,8,2024,26.45714286,19.67142857,27.5,23.91428571,Rainy,Pleasant,41,43,1,28.33333333
26-08-2024,Chennai,Monsoon,8,2024,32.9,26.08571429,25.4,19.44285714,Rainy,Hot,61,48,1,36.66666667
26-08-2024,Delhi,Monsoon,8,2024,31.67142857,25.05714286,49.9,16.95714286,Rainy,Hot,40,68,0,36
26-08-2024,Jaipur,Monsoon,8,2024,30.61428571,23.87142857,44.4,15.64285714,Rainy,Hot,27,45,1,24.33333333
26-08-2024,Kolkata,Monsoon,8,2024,31.25714286,25.38571429,104.4,14.18571429,Rainy,Hot,44,72,2,39.33333333
26-08-2024,Lucknow,Monsoon,8,2024,31.85714286,25.52857143,53.4,14.22857143,Rainy,Hot,40,74,2,38.66666667
26-08-2024,Mumbai,Monsoon,8,2024,28.3,25.12857143,70.9,23.21428571,Rainy,Pleasant,31,46,1,26
26-08-2024,Pune,Monsoon,8,2024,26.05714286,21.72857143,33.7,24.27142857,Rainy,Pleasant,31,46,1,26
02-09-2024,Ahmedabad,Monsoon,9,2024,30.37142857,24.77142857,137.5,15.52857143,Rainy,Hot,22,61,0,27.66666667
02-09-2024,Bangalore,Monsoon,9,2024,27.31428571,19.95714286,22.6,22.57142857,Rainy,Pleasant,40,48,1,29.66666667
02-09-2024,Chennai,Monsoon,9,2024,33.84285714,26,28.5,18.32857143,Rainy,Hot,62,50,2,38
02-09-2024,Delhi,Monsoon,9,2024,31.07142857,24.62857143,85.7,12.65714286,Rainy,Hot,40,84,1,41.66666667
02-09-2024,Jaipur,Monsoon,9,2024,29.47142857,23.91428571,96.3,10.47142857,Rainy,Pleasant,26,49,0,25
02-09-2024,Kolkata,Monsoon,9,2024,32.41428571,25.9,46.8,14.8,Rainy,Hot,40,78,0,39.33333333
02-09-2024,Lucknow,Monsoon,9,2024,32.58571429,25.68571429,16.3,13.62857143,Rainy,Hot,41,85,1,42.33333333
02-09-2024,Mumbai,Monsoon,9,2024,28.04285714,25,116.5,18.81428571,Rainy,Pleasant,33,48,1,27.33333333
02-09-2024,Pune,Monsoon,9,2024,26.65714286,22.11428571,83.4,22.21428571,Rainy,Pleasant,33,48,1,27.33333333
09-09-2024,Ahmedabad,Monsoon,9,2024,31.15714286,24.31428571,47.9,17.37142857,Rainy,Hot,25,50,0,25
09-09-2024,Bangalore,Monsoon,9,2024,28.58571429,19.24285714,10.8,22.98571429,Rainy,Pleasant,39,39,1,26.33333333
09-09-2024,Chennai,Monsoon,9,2024,35.72857143,27.15714286,7.3,20.35714286,Dry,Hot,64,45,1,36.66666667
09-09-2024,Delhi,Monsoon,9,2024,30.45714286,23.88571429,202.2,18.12857143,Rainy,Hot,41,60,0,33.66666667
09-09-2024,Jaipur,Monsoon,9,2024,30.51428571,23.54285714,27.6,18.9,Rainy,Hot,26,45,0,23.66666667
09-09-2024,Kolkata,Monsoon,9,2024,30.55714286,25.81428571,142.5,19.6,Rainy,Hot,45,62,0,35.66666667
09-09-2024,Lucknow,Monsoon,9,2024,31.14285714,25.35714286,130.2,20.18571429,Rainy,Hot,41,63,1,35
09-09-2024,Mumbai,Monsoon,9,2024,28.24285714,24.52857143,36.2,17.1,Rainy,Pleasant,33,44,1,26
09-09-2024,Pune,Monsoon,9,2024,27.41428571,21.45714286,27,20.97142857,Rainy,Pleasant,33,44,1,26
16-09-2024,Ahmedabad,Monsoon,9,2024,32.11428571,24.24285714,0.4,13.38571429,Dry,Hot,29,51,1,27
16-09-2024,Bangalore,Monsoon,9,2024,28.71428571,18.51428571,3.3,18.48571429,Dry,Pleasant,40,41,1,27.33333333
16-09-2024,Chennai,Monsoon,9,2024,34.45714286,26.21428571,21.7,16.54285714,Rainy,Hot,61,45,1,35.66666667
16-09-2024,Delhi,Monsoon,9,2024,30.95714286,23.9,66.6,12.97142857,Rainy,Hot,41,61,0,34
16-09-2024,Jaipur,Monsoon,9,2024,30.32857143,22.64285714,2.6,11.61428571,Dry,Hot,29,47,0,25.33333333
16-09-2024,Kolkata,Monsoon,9,2024,32.6,25.55714286,36.1,12.97142857,Rainy,Hot,47,67,0,38
16-09-2024,Lucknow,Monsoon,9,2024,31.68571429,24.8,33.1,14.9,Rainy,Hot,40,68,1,36.33333333
16-09-2024,Mumbai,Monsoon,9,2024,29.14285714,23.85714286,13.7,15.17142857,Rainy,Pleasant,35,45,1,27
16-09-2024,Pune,Monsoon,9,2024,28.65714286,20.38571429,26.6,15.44285714,Rainy,Pleasant,35,45,1,27
23-09-2024,Ahmedabad,Monsoon,9,2024,31.62857143,25.44285714,86,11.17142857,Rainy,Hot,27,46,0,24.33333333
23-09-2024,Bangalore,Monsoon,9,2024,28.75714286,19.95714286,22.8,18.67142857,Rainy,Pleasant,43,37,1,27
23-09-2024,Chennai,Monsoon,9,2024,31.95714286,25.25714286,62.5,15.42857143,Rainy,Hot,63,46,2,37
23-09-2024,Delhi,Monsoon,9,2024,31.88571429,24.6,1.9,12.08571429,Dry,Hot,44,55,0,33
23-09-2024,Jaipur,Monsoon,9,2024,32.05714286,23.9,0.9,12.2,Dry,Hot,26,42,0,22.66666667
23-09-2024,Kolkata,Monsoon,9,2024,30.68571429,25.6,93,17.8,Rainy,Hot,47,62,0,36.33333333
23-09-2024,Lucknow,Monsoon,9,2024,31.18571429,25.24285714,56.4,14.58571429,Rainy,Hot,42,65,2,36.33333333
23-09-2024,Mumbai,Monsoon,9,2024,27.97142857,24.98571429,185.3,20.05714286,Rainy,Pleasant,32,45,1,26
23-09-2024,Pune,Monsoon,9,2024,27.47142857,21.95714286,111.2,17.48571429,Rainy,Pleasant,32,45,1,26
30-09-2024,Ahmedabad,Monsoon,9,2024,32.44285714,24.55714286,2.4,10.78571429,Dry,Hot,29,49,0,26
30-09-2024,Bangalore,Monsoon,9,2024,28.82857143,20.02857143,33.5,13.18571429,Rainy,Pleasant,42,42,1,28.33333333
30-09-2024,Chennai,Monsoon,9,2024,32.64285714,25.71428571,5.4,15.98571429,Dry,Hot,61,50,2,37.66666667
30-09-2024,Delhi,Monsoon,9,2024,33.55714286,24.04285714,0,16.18571429,Dry,Hot,40,74,0,38
30-09-2024,Jaipur,Monsoon,9,2024,33.68571429,23.78571429,0.1,16.4,Dry,Hot,25,52,0,25.66666667
30-09-2024,Kolkata,Monsoon,9,2024,31.6,25.52857143,84.1,9.728571429,Rainy,Hot,56,72,0,42.66666667
30-09-2024,Lucknow,Monsoon,9,2024,32.68571429,24.21428571,2.7,13.04285714,Dry,Hot,40,74,0,38
30-09-2024,Mumbai,Monsoon,9,2024,30.3,24.98571429,28.8,15.51428571,Rainy,Hot,31,45,1,25.66666667
30-09-2024,Pune,Monsoon,9,2024,29.75714286,21.4,7.7,13.78571429,Dry,Pleasant,31,45,1,25.66666667
07-10-2024,Ahmedabad,Post-Monsoon,10,2024,32.31428571,24.12857143,37.4,14.44285714,Rainy,Hot,23,42,1,22
07-10-2024,Bangalore,Post-Monsoon,10,2024,28.02857143,19.97142857,37.2,17.3,Rainy,Pleasant,41,38,1,26.66666667
07-10-2024,Chennai,Post-Monsoon,10,2024,29.9,24.77142857,34.5,14.14285714,Rainy,Pleasant,56,41,2,33
07-10-2024,Delhi,Post-Monsoon,10,2024,32.12857143,20.48571429,0,11.54285714,Dry,Hot,38,56,0,31.33333333
07-10-2024,Jaipur,Post-Monsoon,10,2024,32.4,21.94285714,0.4,9.671428571,Dry,Hot,27,43,0,23.33333333
07-10-2024,Kolkata,Post-Monsoon,10,2024,31.22857143,25,63.1,9.885714286,Rainy,Hot,46,65,1,37.33333333
07-10-2024,Lucknow,Post-Monsoon,10,2024,31.22857143,22.77142857,6.4,10.87142857,Dry,Hot,39,64,1,34.66666667
07-10-2024,Mumbai,Post-Monsoon,10,2024,30.85714286,24.77142857,38.1,14.38571429,Rainy,Hot,30,40,1,23.66666667
07-10-2024,Pune,Post-Monsoon,10,2024,29.54285714,21.15714286,27.7,16.97142857,Rainy,Pleasant,30,40,1,23.66666667
14-10-2024,Ahmedabad,Post-Monsoon,10,2024,32.7,24.67142857,14.9,11.64285714,Rainy,Hot,25,57,0,27.33333333
14-10-2024,Bangalore,Post-Monsoon,10,2024,25.01428571,19.41428571,98,13.74285714,Rainy,Pleasant,36,45,1,27.33333333
14-10-2024,Chennai,Post-Monsoon,10,2024,28.78571429,24.24285714,200.9,15.3,Rainy,Pleasant,56,49,1,35.33333333
14-10-2024,Delhi,Post-Monsoon,10,2024,32.68571429,20.2,0,10.31428571,Dry,Hot,35,67,1,34.33333333
14-10-2024,Jaipur,Post-Monsoon,10,2024,32.84285714,20.84285714,0,10.11428571,Dry,Hot,27,50,0,25.66666667
14-10-2024,Kolkata,Post-Monsoon,10,2024,31.02857143,24.28571429,28,10.5,Rainy,Hot,42,70,0,37.33333333
14-10-2024,Lucknow,Post-Monsoon,10,2024,31.77142857,21.6,0,10.1,Dry,Hot,35,74,1,36.66666667
14-10-2024,Mumbai,Post-Monsoon,10,2024,30.35714286,24.42857143,43.8,12.34285714,Rainy,Hot,28,50,1,26.33333333
14-10-2024,Pune,Post-Monsoon,10,2024,28.91428571,21.08571429,75.5,14.27142857,Rainy,Pleasant,28,50,1,26.33333333
21-10-2024,Ahmedabad,Post-Monsoon,10,2024,33.4,22.22857143,16.3,10.41428571,Rainy,Hot,42,47,0,29.66666667
21-10-2024,Bangalore,Post-Monsoon,10,2024,26.9,18.01428571,66.3,10.22857143,Rainy,Pleasant,50,37,1,29.33333333
21-10-2024,Chennai,Post-Monsoon,10,2024,31.65714286,24.44285714,3.2,12.32857143,Dry,Hot,69,45,2,38.66666667
21-10-2024,Delhi,Post-Monsoon,10,2024,31.85714286,19.8,0,12.92857143,Dry,Hot,54,57,0,37
21-10-2024,Jaipur,Post-Monsoon,10,2024,32.62857143,20.22857143,0,11.74285714,Dry,Hot,46,48,0,31.33333333
21-10-2024,Kolkata,Post-Monsoon,10,2024,29.3,23.74285714,83.4,17.84285714,Rainy,Pleasant,60,62,0,40.66666667
21-10-2024,Lucknow,Post-Monsoon,10,2024,31.58571429,21.72857143,0.4,9.4,Dry,Hot,55,67,1,41
21-10-2024,Mumbai,Post-Monsoon,10,2024,31.4,23.21428571,20.6,13.74285714,Rainy,Hot,47,46,1,31.33333333
21-10-2024,Pune,Post-Monsoon,10,2024,28.78571429,19.42857143,6.8,10.81428571,Dry,Pleasant,47,46,1,31.33333333
28-10-2024,Ahmedabad,Post-Monsoon,10,2024,35.8,21.58571429,0,9.828571429,Dry,Hot,100,51,1,50.66666667
28-10-2024,Bangalore,Post-Monsoon,10,2024,27.42857143,18.32857143,15.6,11.9,Rainy,Pleasant,84,42,1,42.33333333
28-10-2024,Chennai,Post-Monsoon,10,2024,30.52857143,24.55714286,23.5,12.92857143,Rainy,Hot,97,48,0,48.33333333
28-10-2024,Delhi,Post-Monsoon,10,2024,32.32857143,19.84285714,0,12.54285714,Dry,Hot,100,63,1,54.66666667
28-10-2024,Jaipur,Post-Monsoon,10,2024,33.08571429,20.42857143,0,11.71428571,Dry,Hot,100,49,2,50.33333333
28-10-2024,Kolkata,Post-Monsoon,10,2024,31.35714286,23.31428571,3.1,8.214285714,Dry,Hot,100,66,0,55.33333333
28-10-2024,Lucknow,Post-Monsoon,10,2024,31.84285714,20.72857143,0.7,9.9,Dry,Hot,100,67,1,56
28-10-2024,Mumbai,Post-Monsoon,10,2024,32.35714286,23.77142857,0.3,15.11428571,Dry,Hot,100,50,1,50.33333333
28-10-2024,Pune,Post-Monsoon,10,2024,30.21428571,19.41428571,0.7,12.94285714,Dry,Hot,100,50,1,50.33333333
04-11-2024,Ahmedabad,Post-Monsoon,11,2024,34.48571429,21.74285714,0,10.94285714,Dry,Hot,96,54,0,50
04-11-2024,Bangalore,Post-Monsoon,11,2024,27.57142857,17.94285714,2.8,16.51428571,Dry,Pleasant,100,50,1,50.33333333
04-11-2024,Chennai,Post-Monsoon,11,2024,29.95714286,24.38571429,21.5,19.7,Rainy,Pleasant,100,50,2,50.66666667
04-11-2024,Delhi,Post-Monsoon,11,2024,30.12857143,18.64285714,0,9.342857143,Dry,Hot,100,75,1,58.66666667
04-11-2024,Jaipur,Post-Monsoon,11,2024,31.21428571,18.11428571,0,9.471428571,Dry,Hot,81,51,0,44
04-11-2024,Kolkata,Post-Monsoon,11,2024,29.78571429,21.52857143,2.1,9.1,Dry,Pleasant,91,73,0,54.66666667
04-11-2024,Lucknow,Post-Monsoon,11,2024,29.78571429,20.21428571,0.3,7.657142857,Dry,Pleasant,95,77,1,57.66666667
04-11-2024,Mumbai,Post-Monsoon,11,2024,33.87142857,22.11428571,0,17.81428571,Dry,Hot,92,51,1,48
04-11-2024,Pune,Post-Monsoon,11,2024,29.8,18.75714286,0,13.54285714,Dry,Pleasant,92,51,1,48
11-11-2024,Ahmedabad,Post-Monsoon,11,2024,32.98571429,21.15714286,0,10.07142857,Dry,Hot,37,52,1,30
11-11-2024,Bangalore,Post-Monsoon,11,2024,26.88571429,19.32857143,30.7,16.51428571,Rainy,Pleasant,50,45,1,32
11-11-2024,Chennai,Post-Monsoon,11,2024,28.37142857,24.04285714,123.1,16.55714286,Rainy,Pleasant,58,49,1,36
11-11-2024,Delhi,Post-Monsoon,11,2024,29.6,18.48571429,0,10.72857143,Dry,Pleasant,42,61,1,34.66666667
11-11-2024,Jaipur,Post-Monsoon,11,2024,30.11428571,18.14285714,0,10.15714286,Dry,Hot,33,43,0,25.33333333
11-11-2024,Kolkata,Post-Monsoon,11,2024,30.01428571,20.11428571,0,8.485714286,Dry,Hot,52,65,0,39
11-11-2024,Lucknow,Post-Monsoon,11,2024,29.74285714,18.72857143,0,11.87142857,Dry,Pleasant,44,67,1,37.33333333
11-11-2024,Mumbai,Post-Monsoon,11,2024,34.42857143,23.95714286,0.3,14.42857143,Dry,Hot,37,49,1,29
11-11-2024,Pune,Post-Monsoon,11,2024,30.52857143,19.61428571,1.2,13.62857143,Dry,Hot,37,49,1,29
18-11-2024,Ahmedabad,Post-Monsoon,11,2024,30.44285714,19.05714286,0,10.35714286,Dry,Hot,34,51,0,28.33333333
18-11-2024,Bangalore,Post-Monsoon,11,2024,27.9,17.51428571,0.1,12.65714286,Dry,Pleasant,45,42,0,29
18-11-2024,Chennai,Post-Monsoon,11,2024,29.02857143,24.78571429,1.7,18.05714286,Dry,Pleasant,63,47,1,37
18-11-2024,Delhi,Post-Monsoon,11,2024,26.47142857,14.41428571,0,8.014285714,Dry,Pleasant,42,63,0,35
18-11-2024,Jaipur,Post-Monsoon,11,2024,26.28571429,14.42857143,0,7.028571429,Dry,Pleasant,32,46,0,26
18-11-2024,Kolkata,Post-Monsoon,11,2024,28.51428571,18.01428571,0,7.485714286,Dry,Pleasant,45,67,0,37.33333333
18-11-2024,Lucknow,Post-Monsoon,11,2024,26.41428571,15.41428571,0,8.442857143,Dry,Pleasant,40,63,0,34.33333333
18-11-2024,Mumbai,Post-Monsoon,11,2024,33.18571429,21.95714286,0,12.48571429,Dry,Hot,35,48,1,28
18-11-2024,Pune,Post-Monsoon,11,2024,28.82857143,16.3,0,10.57142857,Dry,Pleasant,35,48,1,28
25-11-2024,Ahmedabad,Post-Monsoon,11,2024,29.42857143,18.15714286,0,11.05714286,Dry,Pleasant,33,52,0,28.33333333
25-11-2024,Bangalore,Post-Monsoon,11,2024,25.82857143,18.38571429,9.1,18.52857143,Dry,Pleasant,52,42,1,31.66666667
25-11-2024,Chennai,Post-Monsoon,11,2024,27.08571429,24.01428571,259.5,28.21428571,Rainy,Pleasant,67,50,1,39.33333333
25-11-2024,Delhi,Post-Monsoon,11,2024,25.3,13.45714286,0,8.171428571,Dry,Pleasant,45,57,0,34
25-11-2024,Jaipur,Post-Monsoon,11,2024,26.01428571,14.42857143,0,10.4,Dry,Pleasant,32,44,0,25.33333333
25-11-2024,Kolkata,Post-Monsoon,11,2024,27.24285714,18.37142857,0.9,8.642857143,Dry,Pleasant,49,62,0,37
25-11-2024,Lucknow,Post-Monsoon,11,2024,25.74285714,14.15714286,0,8.857142857,Dry,Pleasant,43,66,1,36.66666667
25-11-2024,Mumbai,Post-Monsoon,11,2024,32.15714286,20.42857143,0,12.97142857,Dry,Hot,38,45,1,28
25-11-2024,Pune,Post-Monsoon,11,2024,27.72857143,14.77142857,0,11.75714286,Dry,Pleasant,38,45,1,28
02-12-2024,Ahmedabad,Winter,12,2024,30.07142857,18.97142857,0,11.52857143,Dry,Hot,31,52,1,28
02-12-2024,Bangalore,Winter,12,2024,25.95714286,19.47142857,41.1,13.21428571,Rainy,Pleasant,43,40,1,28
02-12-2024,Chennai,Winter,12,2024,28.95714286,24.34285714,20.7,12.64285714,Rainy,Pleasant,58,47,1,35.33333333
02-12-2024,Delhi,Winter,12,2024,24.31428571,12.25714286,1.5,10.68571429,Dry,Pleasant,44,56,1,33.66666667
02-12-2024,Jaipur,Winter,12,2024,24.85714286,13.48571429,0,9.514285714,Dry,Pleasant,32,47,0,26.33333333
02-12-2024,Kolkata,Winter,12,2024,26.47142857,17.51428571,0.1,6.514285714,Dry,Pleasant,46,63,0,36.33333333
02-12-2024,Lucknow,Winter,12,2024,25.1,13.34285714,0,11.22857143,Dry,Pleasant,43,63,1,35.66666667
02-12-2024,Mumbai,Winter,12,2024,33.18571429,24.47142857,0.4,13.21428571,Dry,Hot,33,50,1,28
02-12-2024,Pune,Winter,12,2024,30.55714286,20.71428571,2.5,12.54285714,Dry,Hot,33,50,1,28
09-12-2024,Ahmedabad,Winter,12,2024,26.5,14.47142857,0,12.7,Dry,Pleasant,33,50,0,27.66666667
09-12-2024,Bangalore,Winter,12,2024,25.51428571,18.05714286,22.6,14.95714286,Rainy,Pleasant,48,38,1,29
09-12-2024,Chennai,Winter,12,2024,27.92857143,24.21428571,67.3,19.4,Rainy,Pleasant,62,51,2,38.33333333
09-12-2024,Delhi,Winter,12,2024,20.44285714,8.728571429,0,10.91428571,Dry,Pleasant,45,57,0,34
09-12-2024,Jaipur,Winter,12,2024,21.61428571,9.671428571,0,9.814285714,Dry,Pleasant,28,43,0,23.66666667
09-12-2024,Kolkata,Winter,12,2024,24.68571429,14.64285714,1.3,8.1,Dry,Pleasant,50,60,0,36.66666667
09-12-2024,Lucknow,Winter,12,2024,21.81428571,9.828571429,0,11.41428571,Dry,Pleasant,43,64,0,35.66666667
09-12-2024,Mumbai,Winter,12,2024,32.15714286,20.38571429,0,12.54285714,Dry,Hot,37,44,1,27.33333333
09-12-2024,Pune,Winter,12,2024,28.41428571,15.32857143,0,9.385714286,Dry,Pleasant,37,44,1,27.33333333
16-12-2024,Ahmedabad,Winter,12,2024,28.51428571,16.05714286,0,10.72857143,Dry,Pleasant,30,47,0,25.66666667
16-12-2024,Bangalore,Winter,12,2024,27.27142857,17.2,0.7,11.32857143,Dry,Pleasant,42,39,1,27.33333333
16-12-2024,Chennai,Winter,12,2024,27.48571429,23.17142857,56.9,18.92857143,Rainy,Pleasant,64,50,2,38.66666667
16-12-2024,Delhi,Winter,12,2024,21.58571429,8.585714286,0,6.685714286,Dry,Pleasant,48,60,1,36.33333333
16-12-2024,Jaipur,Winter,12,2024,21.92857143,9.657142857,0,9.957142857,Dry,Pleasant,31,45,0,25.33333333
16-12-2024,Kolkata,Winter,12,2024,25.38571429,15.44285714,11.2,7.314285714,Rainy,Pleasant,49,59,0,36
16-12-2024,Lucknow,Winter,12,2024,23.47142857,10.44285714,0,7.1,Dry,Pleasant,44,60,1,35
16-12-2024,Mumbai,Winter,12,2024,29.81428571,18.82857143,0,11.7,Dry,Pleasant,36,45,1,27.33333333
16-12-2024,Pune,Winter,12,2024,29.2,14.11428571,0,9.985714286,Dry,Pleasant,36,45,1,27.33333333
23-12-2024,Ahmedabad,Winter,12,2024,27.41428571,17.61428571,0.1,11.37142857,Dry,Pleasant,27,44,0,23.66666667
23-12-2024,Bangalore,Winter,12,2024,26.67142857,17.8,5.3,14.11428571,Dry,Pleasant,48,41,1,30
23-12-2024,Chennai,Winter,12,2024,28.12857143,23.82857143,25.8,19.15714286,Rainy,Pleasant,66,49,0,38.33333333
23-12-2024,Delhi,Winter,12,2024,18.92857143,11.47142857,36.4,8.585714286,Rainy,Cold,48,61,0,36.33333333
23-12-2024,Jaipur,Winter,12,2024,19.64285714,11.92857143,29.5,11.17142857,Rainy,Cold,28,42,2,24
23-12-2024,Kolkata,Winter,12,2024,26.25714286,17.02857143,0.5,7.328571429,Dry,Pleasant,50,56,0,35.33333333
23-12-2024,Lucknow,Winter,12,2024,23.18571429,13.78571429,4.9,10.77142857,Dry,Pleasant,42,64,1,35.66666667
23-12-2024,Mumbai,Winter,12,2024,28.92857143,21.28571429,0.3,14.08571429,Dry,Pleasant,33,43,1,25.66666667
23-12-2024,Pune,Winter,12,2024,29.47142857,18.48571429,3.4,10.88571429,Dry,Pleasant,33,43,1,25.66666667
30-12-2024,Ahmedabad,Winter,12,2024,28.85714286,16.34285714,0,10.42857143,Dry,Pleasant,29,51,0,26.66666667
30-12-2024,Bangalore,Winter,12,2024,26.32857143,15.9,0,14.15714286,Dry,Pleasant,44,44,1,29.66666667
30-12-2024,Chennai,Winter,12,2024,28.01428571,23,3.8,16.38571429,Dry,Pleasant,58,51,1,36.66666667
30-12-2024,Delhi,Winter,12,2024,18.25714286,8.471428571,0,8.3,Dry,Cold,40,62,0,34
30-12-2024,Jaipur,Winter,12,2024,20.41428571,8.485714286,0,7.957142857,Dry,Pleasant,27,47,0,24.66666667
30-12-2024,Kolkata,Winter,12,2024,24.3,14.45714286,0,8.514285714,Dry,Pleasant,43,68,0,37
30-12-2024,Lucknow,Winter,12,2024,18.81428571,9.385714286,0,8.128571429,Dry,Cold,39,67,1,35.66666667
30-12-2024,Mumbai,Winter,12,2024,32.32857143,21.62857143,0,13.02857143,Dry,Hot,33,45,0,26
30-12-2024,Pune,Winter,12,2024,30.38571429,16.88571429,0,10.44285714,Dry,Hot,33,45,0,26
06-01-2025,Ahmedabad,Winter,1,2025,26.88571429,15.02857143,0,11.8,Dry,Pleasant,30,57,0,29
06-01-2025,Bangalore,Winter,1,2025,27.1,16.11428571,0,13.5,Dry,Pleasant,44,45,1,30
06-01-2025,Chennai,Winter,1,2025,27.98571429,23.18571429,5.3,17.05714286,Dry,Pleasant,63,56,1,40
06-01-2025,Delhi,Winter,1,2025,17.88571429,8.728571429,8.9,9.4,Dry,Cold,40,60,0,33.33333333
06-01-2025,Jaipur,Winter,1,2025,18.88571429,8.971428571,9.5,11.7,Dry,Cold,28,40,0,22.66666667
06-01-2025,Kolkata,Winter,1,2025,24.97142857,14.31428571,0,7.828571429,Dry,Pleasant,41,72,0,37.66666667
06-01-2025,Lucknow,Winter,1,2025,19.44285714,9.428571429,0.4,9.742857143,Dry,Cold,38,69,1,36
06-01-2025,Mumbai,Winter,1,2025,30.52857143,20.05714286,0,13.85714286,Dry,Hot,32,47,1,26.66666667
06-01-2025,Pune,Winter,1,2025,29.24285714,15.74285714,0,11.07142857,Dry,Pleasant,32,47,1,26.66666667
13-01-2025,Ahmedabad,Winter,1,2025,27.78571429,15.82857143,0.5,13.01428571,Dry,Pleasant,29,69,1,33
13-01-2025,Bangalore,Winter,1,2025,26.35714286,17.21428571,7.1,15.52857143,Dry,Pleasant,46,60,1,35.66666667
13-01-2025,Chennai,Winter,1,2025,27.88571429,24.02857143,19.6,19.95714286,Rainy,Pleasant,58,66,1,41.66666667
13-01-2025,Delhi,Winter,1,2025,18.78571429,9.114285714,3.6,7.514285714,Dry,Cold,43,87,0,43.33333333
13-01-2025,Jaipur,Winter,1,2025,19.52857143,9.228571429,3.2,9.457142857,Dry,Cold,30,64,0,31.33333333
13-01-2025,Kolkata,Winter,1,2025,26.18571429,15.01428571,0,9.6,Dry,Pleasant,42,90,0,44
13-01-2025,Lucknow,Winter,1,2025,20.57142857,9.785714286,0.3,9.642857143,Dry,Pleasant,38,86,0,41.33333333
13-01-2025,Mumbai,Winter,1,2025,32.27142857,21.68571429,0,14.54285714,Dry,Hot,33,62,1,32
13-01-2025,Pune,Winter,1,2025,30.27142857,17.81428571,0.5,11.61428571,Dry,Hot,33,62,1,32
20-01-2025,Ahmedabad,Winter,1,2025,29.44285714,17.52857143,0,11.32857143,Dry,Pleasant,29,54,1,28
20-01-2025,Bangalore,Winter,1,2025,28.41428571,15.97142857,0,13.11428571,Dry,Pleasant,45,45,1,30.33333333
20-01-2025,Chennai,Winter,1,2025,28.34285714,21.94285714,0.1,13.9,Dry,Pleasant,59,48,0,35.66666667
20-01-2025,Delhi,Winter,1,2025,21.6,10.34285714,1.6,10.35714286,Dry,Pleasant,42,63,0,35
20-01-2025,Jaipur,Winter,1,2025,22.91428571,12.07142857,1.1,9.614285714,Dry,Pleasant,29,52,0,27
20-01-2025,Kolkata,Winter,1,2025,27.05714286,15.94285714,0.5,9.142857143,Dry,Pleasant,40,68,0,36
20-01-2025,Lucknow,Winter,1,2025,22.8,11.9,0,11.57142857,Dry,Pleasant,39,72,1,37.33333333
20-01-2025,Mumbai,Winter,1,2025,32.12857143,21.15714286,0,13.08571429,Dry,Hot,31,48,1,26.66666667
20-01-2025,Pune,Winter,1,2025,32.41428571,17.41428571,0,8.814285714,Dry,Hot,31,48,1,26.66666667
27-01-2025,Ahmedabad,Winter,1,2025,29.67142857,17.05714286,0,9.571428571,Dry,Pleasant,31,57,0,29.33333333
27-01-2025,Bangalore,Winter,1,2025,29.57142857,16.7,0,11.67142857,Dry,Pleasant,52,50,1,34.33333333
27-01-2025,Chennai,Winter,1,2025,29.95714286,22.52857143,1.9,13.17142857,Dry,Pleasant,65,67,1,44.33333333
27-01-2025,Delhi,Winter,1,2025,24.07142857,10.81428571,0,10.01428571,Dry,Pleasant,44,68,0,37.33333333
27-01-2025,Jaipur,Winter,1,2025,24.88571429,11.91428571,0,8.757142857,Dry,Pleasant,32,53,0,28.33333333
27-01-2025,Kolkata,Winter,1,2025,28.61428571,18.25714286,0.8,10.07142857,Dry,Pleasant,50,71,0,40.33333333
27-01-2025,Lucknow,Winter,1,2025,23.65714286,10.94285714,0,8.7,Dry,Pleasant,45,73,0,39.33333333
27-01-2025,Mumbai,Winter,1,2025,30.67142857,20.61428571,0,13.3,Dry,Hot,37,55,1,31
27-01-2025,Pune,Winter,1,2025,33.58571429,18.3,0,13.15714286,Dry,Hot,37,55,1,31
03-02-2025,Ahmedabad,Winter,2,2025,29.72857143,17.21428571,0,11.85714286,Dry,Pleasant,32,49,0,27
03-02-2025,Bangalore,Winter,2,2025,30.07142857,17.44285714,0,14.65714286,Dry,Hot,48,43,0,30.33333333
03-02-2025,Chennai,Winter,2,2025,31.21428571,21.8,0.2,11.74285714,Dry,Hot,69,52,2,41
03-02-2025,Delhi,Winter,2,2025,22.48571429,11.35714286,2.7,11.74285714,Dry,Pleasant,43,55,0,32.66666667
03-02-2025,Jaipur,Winter,2,2025,23.25714286,11.97142857,7.6,10.28571429,Dry,Pleasant,30,44,1,25
03-02-2025,Kolkata,Winter,2,2025,29.11428571,18.15714286,0,9.8,Dry,Pleasant,53,57,0,36.66666667
03-02-2025,Lucknow,Winter,2,2025,24.75714286,12.55714286,0,13.61428571,Dry,Pleasant,43,63,1,35.66666667
03-02-2025,Mumbai,Winter,2,2025,31.77142857,21.1,0,14.5,Dry,Hot,37,43,1,27
03-02-2025,Pune,Winter,2,2025,33.68571429,18.98571429,0,14.04285714,Dry,Hot,37,43,1,27
10-02-2025,Ahmedabad,Winter,2,2025,32.27142857,19.05714286,0,10.12857143,Dry,Hot,27,48,1,25.33333333
10-02-2025,Bangalore,Winter,2,2025,31.17142857,17.8,0,13.1,Dry,Hot,42,40,1,27.66666667
10-02-2025,Chennai,Winter,2,2025,31.37142857,22.1,0.1,12.98571429,Dry,Hot,58,44,1,34.33333333
10-02-2025,Delhi,Winter,2,2025,25.8,12.82857143,0,11.67142857,Dry,Pleasant,35,53,0,29.33333333
10-02-2025,Jaipur,Winter,2,2025,27.44285714,14.47142857,0,11.21428571,Dry,Pleasant,27,43,0,23.33333333
10-02-2025,Kolkata,Winter,2,2025,31.01428571,18.97142857,0.3,10.52857143,Dry,Hot,40,57,0,32.33333333
10-02-2025,Lucknow,Winter,2,2025,27.17142857,13.94285714,0,14.2,Dry,Pleasant,38,59,1,32.66666667
10-02-2025,Mumbai,Winter,2,2025,34.11428571,21.84285714,0,16.32857143,Dry,Hot,30,42,1,24.33333333
10-02-2025,Pune,Winter,2,2025,34.07142857,18.98571429,0,11.85714286,Dry,Hot,30,42,1,24.33333333
17-02-2025,Ahmedabad,Winter,2,2025,33.42857143,21.62857143,0,11.41428571,Dry,Hot,26,41,0,22.33333333
17-02-2025,Bangalore,Winter,2,2025,32.18571429,18.82857143,0,15.08571429,Dry,Hot,41,37,0,26
17-02-2025,Chennai,Winter,2,2025,31.31428571,23.02857143,0.3,13.18571429,Dry,Hot,58,43,2,34.33333333
17-02-2025,Delhi,Winter,2,2025,25.67142857,14.65714286,8.5,10.68571429,Dry,Pleasant,37,50,0,29
17-02-2025,Jaipur,Winter,2,2025,26.44285714,15.58571429,3.7,13.31428571,Dry,Pleasant,27,35,0,20.66666667
17-02-2025,Kolkata,Winter,2,2025,29.35714286,20,44.2,11.54285714,Rainy,Pleasant,38,53,0,30.33333333
17-02-2025,Lucknow,Winter,2,2025,28.02857143,15.82857143,0,11.35714286,Dry,Pleasant,36,55,1,30.66666667
17-02-2025,Mumbai,Winter,2,2025,34.91428571,23.18571429,0,17.44285714,Dry,Hot,29,39,1,23
17-02-2025,Pune,Winter,2,2025,34.5,19.78571429,0,11.05714286,Dry,Hot,29,39,1,23
24-02-2025,Ahmedabad,Winter,2,2025,34.71428571,22.61428571,0,10.32857143,Dry,Hot,27,46,0,24.33333333
24-02-2025,Bangalore,Winter,2,2025,31.01428571,18.44285714,0,15.68571429,Dry,Hot,43,35,0,26
24-02-2025,Chennai,Winter,2,2025,31.28571429,24.9,0.5,16.52857143,Dry,Hot,61,48,0,36.33333333
24-02-2025,Delhi,Winter,2,2025,25.75714286,16.25714286,12,12.22857143,Rainy,Pleasant,34,49,1,28
24-02-2025,Jaipur,Winter,2,2025,28.35714286,17.1,0,11.05714286,Dry,Pleasant,26,39,0,21.66666667
24-02-2025,Kolkata,Winter,2,2025,30.97142857,20.17142857,0,9.257142857,Dry,Hot,44,54,0,32.66666667
24-02-2025,Lucknow,Winter,2,2025,29.08571429,16.87142857,0,13.65714286,Dry,Pleasant,37,58,1,32
24-02-2025,Mumbai,Winter,2,2025,35.8,24.12857143,0,15.27142857,Dry,Hot,30,42,1,24.33333333
24-02-2025,Pune,Winter,2,2025,34.61428571,20.61428571,0,12.85714286,Dry,Hot,30,42,1,24.33333333
03-03-2025,Ahmedabad,Summer,3,2025,34.77142857,21.57142857,0,11.84285714,Dry,Hot,26,41,0,22.33333333
03-03-2025,Bangalore,Summer,3,2025,33.51428571,20.74285714,0,14.92857143,Dry,Hot,41,35,0,25.33333333
03-03-2025,Chennai,Summer,3,2025,33.25714286,23.61428571,0,14.87142857,Dry,Hot,59,47,1,35.66666667
03-03-2025,Delhi,Summer,3,2025,27.27142857,13.95714286,0,13.58571429,Dry,Pleasant,45,54,0,33
03-03-2025,Jaipur,Summer,3,2025,29.17142857,15.92857143,0,14.67142857,Dry,Pleasant,29,39,0,22.66666667
03-03-2025,Kolkata,Summer,3,2025,32.3,21.12857143,0,11,Dry,Hot,47,56,0,34.33333333
03-03-2025,Lucknow,Summer,3,2025,28.47142857,15.2,0,15.15714286,Dry,Pleasant,40,54,0,31.33333333
03-03-2025,Mumbai,Summer,3,2025,36.04285714,23.82857143,0,16.68571429,Dry,Hot,32,41,1,24.66666667
03-03-2025,Pune,Summer,3,2025,35.7,20.25714286,0,11.55714286,Dry,Hot,32,41,1,24.66666667
10-03-2025,Ahmedabad,Summer,3,2025,38.51428571,25.21428571,0,11.67142857,Dry,Very Hot,26,49,0,25
10-03-2025,Bangalore,Summer,3,2025,32.71428571,19.21428571,4.8,16.84285714,Dry,Hot,42,38,1,27
10-03-2025,Chennai,Summer,3,2025,32.12857143,24.7,17.1,15.74285714,Rainy,Hot,58,71,1,43.33333333
10-03-2025,Delhi,Summer,3,2025,32.02857143,19.32857143,6.5,12.72857143,Dry,Hot,40,53,0,31
10-03-2025,Jaipur,Summer,3,2025,33.41428571,19.72857143,0.1,14.67142857,Dry,Hot,29,42,0,23.66666667
10-03-2025,Kolkata,Summer,3,2025,37.08571429,23.57142857,12.3,12.95714286,Rainy,Hot,44,57,0,33.66666667
10-03-2025,Lucknow,Summer,3,2025,33.6,20.62857143,0.3,13.7,Dry,Hot,36,55,1,30.66666667
10-03-2025,Mumbai,Summer,3,2025,35.85714286,24.81428571,0,15.28571429,Dry,Hot,29,41,1,23.66666667
10-03-2025,Pune,Summer,3,2025,36.7,22.71428571,0,14.65714286,Dry,Hot,29,41,1,23.66666667
17-03-2025,Ahmedabad,Summer,3,2025,36.31428571,23.7,0,11.05714286,Dry,Hot,23,44,0,22.33333333
17-03-2025,Bangalore,Summer,3,2025,33.35714286,20.87142857,23.9,15.1,Rainy,Hot,38,36,1,25
17-03-2025,Chennai,Summer,3,2025,33.22857143,26.65714286,1.3,16.5,Dry,Hot,55,71,1,42.33333333
17-03-2025,Delhi,Summer,3,2025,31.34285714,18.15714286,0,13.35714286,Dry,Hot,42,56,0,32.66666667
17-03-2025,Jaipur,Summer,3,2025,31.75714286,18.2,0,12.38571429,Dry,Hot,26,44,0,23.33333333
17-03-2025,Kolkata,Summer,3,2025,33.4,23.18571429,24.2,12.92857143,Rainy,Hot,43,54,0,32.33333333
17-03-2025,Lucknow,Summer,3,2025,32.37142857,19.41428571,0,14.38571429,Dry,Hot,38,58,1,32.33333333
17-03-2025,Mumbai,Summer,3,2025,33.28571429,23.62857143,0,16.71428571,Dry,Hot,29,39,1,23
17-03-2025,Pune,Summer,3,2025,36.55714286,21.57142857,0,17.28571429,Dry,Hot,29,39,1,23
24-03-2025,Ahmedabad,Summer,3,2025,37.71428571,24.47142857,0,11.5,Dry,Hot,27,44,1,24
24-03-2025,Bangalore,Summer,3,2025,33.38571429,20.84285714,0,14.01428571,Dry,Hot,38,35,1,24.66666667
24-03-2025,Chennai,Summer,3,2025,34.45714286,25.05714286,0.6,16.68571429,Dry,Hot,59,57,1,39
24-03-2025,Delhi,Summer,3,2025,33.67142857,20.31428571,0,12.35714286,Dry,Hot,36,51,0,29
24-03-2025,Jaipur,Summer,3,2025,33.92857143,20.32857143,0,13.74285714,Dry,Hot,23,41,0,21.33333333
24-03-2025,Kolkata,Summer,3,2025,36.44285714,23.48571429,0,11.95714286,Dry,Hot,41,53,2,32
24-03-2025,Lucknow,Summer,3,2025,35.24285714,20.3,0,15.42857143,Dry,Hot,37,57,1,31.66666667
24-03-2025,Mumbai,Summer,3,2025,33.54285714,24.84285714,0,16.78571429,Dry,Hot,27,39,1,22.33333333
24-03-2025,Pune,Summer,3,2025,37.21428571,22.97142857,0,17.37142857,Dry,Hot,27,39,1,22.33333333
31-03-2025,Ahmedabad,Summer,3,2025,40.54285714,26.21428571,0,12.44285714,Dry,Very Hot,24,45,0,23
31-03-2025,Bangalore,Summer,3,2025,32.27142857,20.32857143,11.1,12.8,Rainy,Hot,40,38,1,26.33333333
31-03-2025,Chennai,Summer,3,2025,32.62857143,25.91428571,11.3,14.51428571,Rainy,Hot,55,52,2,36.33333333
31-03-2025,Delhi,Summer,3,2025,35.77142857,20.15714286,0,12.37142857,Dry,Hot,40,52,0,30.66666667
31-03-2025,Jaipur,Summer,3,2025,36.01428571,21.45714286,0.1,11.98571429,Dry,Hot,24,41,0,21.66666667
31-03-2025,Kolkata,Summer,3,2025,37.05714286,25.9,1.8,13.78571429,Dry,Hot,40,56,0,32
31-03-2025,Lucknow,Summer,3,2025,37.04285714,21.62857143,0,13.78571429,Dry,Hot,38,60,1,33
31-03-2025,Mumbai,Summer,3,2025,35.71428571,26.04285714,1.6,15.41428571,Dry,Hot,28,40,1,23
31-03-2025,Pune,Summer,3,2025,36.68571429,23.64285714,8.2,15.05714286,Dry,Hot,28,40,1,23
07-04-2025,Ahmedabad,Summer,4,2025,41.51428571,27.44285714,0,15.72857143,Dry,Very Hot,24,38,0,20.66666667
07-04-2025,Bangalore,Summer,4,2025,33.58571429,20.68571429,6.5,13.62857143,Dry,Hot,38,29,1,22.66666667
07-04-2025,Chennai,Summer,4,2025,35.65714286,26.95714286,3,15.11428571,Dry,Hot,57,38,1,32
07-04-2025,Delhi,Summer,4,2025,37.67142857,23.74285714,10.6,13.48571429,Rainy,Hot,35,47,1,27.66666667
07-04-2025,Jaipur,Summer,4,2025,39.05714286,24.74285714,0.1,15.04285714,Dry,Very Hot,27,36,0,21
07-04-2025,Kolkata,Summer,4,2025,35.67142857,24.87142857,19.1,12.64285714,Rainy,Hot,37,47,0,28
07-04-2025,Lucknow,Summer,4,2025,36.75714286,23.92857143,2.2,15.45714286,Dry,Hot,37,48,1,28.66666667
07-04-2025,Mumbai,Summer,4,2025,34.08571429,25.74285714,0.1,16.12857143,Dry,Hot,28,35,1,21.33333333
07-04-2025,Pune,Summer,4,2025,38.22857143,23.07142857,0,17.22857143,Dry,Very Hot,28,35,1,21.33333333
14-04-2025,Ahmedabad,Summer,4,2025,41.85714286,27.1,0,15.37142857,Dry,Very Hot,23,40,0,21
14-04-2025,Bangalore,Summer,4,2025,33.6,21.15714286,12.8,12.21428571,Rainy,Hot,37,29,1,22.33333333
14-04-2025,Chennai,Summer,4,2025,35.25714286,27.6,9.2,17.85714286,Dry,Hot,52,41,1,31.33333333
14-04-2025,Delhi,Summer,4,2025,38.8,25.51428571,0,14.05714286,Dry,Very Hot,34,48,0,27.33333333
14-04-2025,Jaipur,Summer,4,2025,39.2,26.04285714,0,13.8,Dry,Very Hot,24,35,0,19.66666667
14-04-2025,Kolkata,Summer,4,2025,34.01428571,24.47142857,48.4,13.11428571,Rainy,Hot,39,45,0,28
14-04-2025,Lucknow,Summer,4,2025,36.62857143,24.14285714,0,13.38571429,Dry,Hot,34,52,1,29
14-04-2025,Mumbai,Summer,4,2025,33.55714286,25.5,0,16.08571429,Dry,Hot,26,36,1,21
14-04-2025,Pune,Summer,4,2025,39.18571429,23.61428571,0,20.41428571,Dry,Very Hot,26,36,1,21
21-04-2025,Ahmedabad,Summer,4,2025,41.62857143,27.21428571,0,12.45714286,Dry,Very Hot,24,33,0,19
21-04-2025,Bangalore,Summer,4,2025,34.9,21.65714286,0,14.2,Dry,Hot,39,31,1,23.66666667
21-04-2025,Chennai,Summer,4,2025,34.78571429,27.72857143,1.2,18.68571429,Dry,Hot,60,43,1,34.66666667
21-04-2025,Delhi,Summer,4,2025,40.44285714,25.51428571,0,13.91428571,Dry,Very Hot,35,43,0,26
21-04-2025,Jaipur,Summer,4,2025,39.48571429,26.91428571,0,14.41428571,Dry,Very Hot,24,33,0,19
21-04-2025,Kolkata,Summer,4,2025,38.22857143,27.94285714,6.2,16.78571429,Dry,Very Hot,39,46,0,28.33333333
21-04-2025,Lucknow,Summer,4,2025,40.98571429,25.77142857,0,16.1,Dry,Very Hot,34,46,0,26.66666667
21-04-2025,Mumbai,Summer,4,2025,33.61428571,26.12857143,0,15.61428571,Dry,Hot,30,33,1,21.33333333
21-04-2025,Pune,Summer,4,2025,40.07142857,23.9,0,20.35714286,Dry,Very Hot,30,33,1,21.33333333
28-04-2025,Ahmedabad,Summer,4,2025,42.54285714,28.25714286,0.8,15.32857143,Dry,Very Hot,22,31,0,17.66666667
28-04-2025,Bangalore,Summer,4,2025,34.1,21.95714286,15,12.25714286,Rainy,Hot,42,26,1,23
28-04-2025,Chennai,Summer,4,2025,35.78571429,28.21428571,3.9,17.7,Dry,Hot,63,37,1,33.66666667
28-04-2025,Delhi,Summer,4,2025,35.91428571,24.81428571,17.8,13.77142857,Rainy,Hot,39,38,0,25.66666667
28-04-2025,Jaipur,Summer,4,2025,38.25714286,25.32857143,2.4,15.27142857,Dry,Very Hot,25,29,0,18
28-04-2025,Kolkata,Summer,4,2025,31.6,24,36.9,12.01428571,Rainy,Hot,45,39,0,28
28-04-2025,Lucknow,Summer,4,2025,36.28571429,24.7,1.9,17.64285714,Dry,Hot,36,41,0,25.66666667
28-04-2025,Mumbai,Summer,4,2025,33.21428571,26.15714286,0,15.6,Dry,Hot,32,32,1,21.66666667
28-04-2025,Pune,Summer,4,2025,38.72857143,23.5,0,20.88571429,Dry,Very Hot,32,32,1,21.66666667
05-05-2025,Ahmedabad,Summer,5,2025,33.81428571,24.81428571,23.9,13.41428571,Rainy,Hot,27,35,0,20.66666667
05-05-2025,Bangalore,Summer,5,2025,33.05714286,21.24285714,8.8,10.45714286,Dry,Hot,47,29,0,25.33333333
05-05-2025,Chennai,Summer,5,2025,36.48571429,27.17142857,11.9,15.82857143,Rainy,Hot,69,37,1,35.66666667
05-05-2025,Delhi,Summer,5,2025,35.4,24.34285714,6.3,13.85714286,Dry,Hot,43,42,1,28.66666667
05-05-2025,Jaipur,Summer,5,2025,34.67142857,23.35714286,4.4,12.24285714,Dry,Hot,30,31,0,20.33333333
05-05-2025,Kolkata,Summer,5,2025,37.3,26.82857143,9.2,10.64285714,Dry,Hot,50,45,0,31.66666667
05-05-2025,Lucknow,Summer,5,2025,37.28571429,25.95714286,5.1,14.07142857,Dry,Hot,44,51,1,32
05-05-2025,Mumbai,Summer,5,2025,31.41428571,24.92857143,21.5,14.44285714,Rainy,Hot,34,34,1,23
05-05-2025,Pune,Summer,5,2025,34.21428571,22.12857143,5.7,19.54285714,Dry,Hot,34,34,1,23
12-05-2025,Ahmedabad,Summer,5,2025,38.81428571,28.44285714,0,11.62857143,Dry,Very Hot,24,32,0,18.66666667
12-05-2025,Bangalore,Summer,5,2025,31.37142857,20.88571429,52,13.28571429,Rainy,Hot,41,27,1,23
12-05-2025,Chennai,Summer,5,2025,36.25714286,27.54285714,18.3,14.95714286,Rainy,Hot,63,37,1,33.66666667
12-05-2025,Delhi,Summer,5,2025,41.62857143,28.45714286,0,16.11428571,Dry,Very Hot,41,40,0,27
12-05-2025,Jaipur,Summer,5,2025,40.72857143,28.18571429,0,15.37142857,Dry,Very Hot,27,33,0,20
12-05-2025,Kolkata,Summer,5,2025,37.37142857,28.97142857,12.1,16.61428571,Rainy,Hot,45,40,0,28.33333333
12-05-2025,Lucknow,Summer,5,2025,41.91428571,27.85714286,0,16.41428571,Dry,Very Hot,38,48,1,29
12-05-2025,Mumbai,Summer,5,2025,33.5,27.61428571,7.6,13.55714286,Dry,Hot,34,33,1,22.66666667
12-05-2025,Pune,Summer,5,2025,33.51428571,23.27142857,17.7,13.47142857,Rainy,Hot,34,33,1,22.66666667
19-05-2025,Ahmedabad,Summer,5,2025,41.52857143,30.12857143,4.8,13.35714286,Dry,Very Hot,24,45,0,23
19-05-2025,Bangalore,Summer,5,2025,27.3,20.45714286,54.3,19.88571429,Rainy,Pleasant,41,26,1,22.66666667
19-05-2025,Chennai,Summer,5,2025,34.12857143,26.51428571,31.2,14.12857143,Rainy,Hot,63,38,2,34.33333333
19-05-2025,Delhi,Summer,5,2025,38.78571429,26.97142857,2.3,16.81428571,Dry,Very Hot,40,36,1,25.66666667
19-05-2025,Jaipur,Summer,5,2025,41.6,28.87142857,0,15.8,Dry,Very Hot,24,29,0,17.66666667
19-05-2025,Kolkata,Summer,5,2025,34.42857143,26.4,50.7,12.24285714,Rainy,Hot,41,42,0,27.66666667
19-05-2025,Lucknow,Summer,5,2025,37.28571429,26.54285714,10.4,17.71428571,Rainy,Hot,39,49,1,29.66666667
19-05-2025,Mumbai,Summer,5,2025,31.85714286,26.38571429,69.6,13.6,Rainy,Hot,29,32,1,20.66666667
19-05-2025,Pune,Summer,5,2025,27.68571429,22.48571429,137,13.02857143,Rainy,Pleasant,29,32,1,20.66666667
26-05-2025,Ahmedabad,Summer,5,2025,40.67142857,28.71428571,5,15.98571429,Dry,Very Hot,27,43,0,23.33333333
26-05-2025,Bangalore,Summer,5,2025,26.74285714,20.45714286,30.4,23.1,Rainy,Pleasant,44,28,0,24
26-05-2025,Chennai,Summer,5,2025,36.42857143,28.05714286,15.8,20.91428571,Rainy,Hot,63,38,2,34.33333333
26-05-2025,Delhi,Summer,5,2025,37.75714286,26.38571429,7.3,12.95714286,Dry,Hot,37,39,1,25.66666667
26-05-2025,Jaipur,Summer,5,2025,38.98571429,28.44285714,0.8,14.95714286,Dry,Very Hot,26,32,1,19.66666667
26-05-2025,Kolkata,Summer,5,2025,31.32857143,26.17142857,97.1,15.44285714,Rainy,Hot,44,43,0,29
26-05-2025,Lucknow,Summer,5,2025,39.2,28.44285714,4.6,14.68571429,Dry,Very Hot,41,45,0,28.66666667
26-05-2025,Mumbai,Summer,5,2025,29.78571429,26.34285714,96.6,17.5,Rainy,Pleasant,33,33,1,22.33333333
26-05-2025,Pune,Summer,5,2025,29.35714286,22.87142857,67.1,18.42857143,Rainy,Pleasant,33,33,1,22.33333333
02-06-2025,Ahmedabad,Monsoon,6,2025,39.8,28.35714286,0.7,13.48571429,Dry,Very Hot,26,32,0,19.33333333
02-06-2025,Bangalore,Monsoon,6,2025,30.2,19.78571429,7.2,15.37142857,Dry,Hot,41,26,1,22.66666667
02-06-2025,Chennai,Monsoon,6,2025,37.61428571,28.3,9.2,15.3,Dry,Hot,60,37,2,33
02-06-2025,Delhi,Monsoon,6,2025,38.14285714,26.02857143,0.6,12.42857143,Dry,Very Hot,36,39,1,25.33333333
02-06-2025,Jaipur,Monsoon,6,2025,36.4,24.67142857,11.3,14.37142857,Rainy,Hot,28,32,0,20
02-06-2025,Kolkata,Monsoon,6,2025,34.57142857,26.97142857,21.3,10.7,Rainy,Hot,43,42,0,28.33333333
02-06-2025,Lucknow,Monsoon,6,2025,38.52857143,26.82857143,0.5,14.32857143,Dry,Very Hot,43,54,1,32.66666667
02-06-2025,Mumbai,Monsoon,6,2025,30.01428571,25.42857143,44.9,14.21428571,Rainy,Hot,30,32,1,21
02-06-2025,Pune,Monsoon,6,2025,29.91428571,22.02857143,15.5,15.91428571,Rainy,Pleasant,30,32,1,21
09-06-2025,Ahmedabad,Monsoon,6,2025,39.72857143,28.94285714,11.4,14.12857143,Rainy,Very Hot,24,29,1,18
09-06-2025,Bangalore,Monsoon,6,2025,27.32857143,20.25714286,39.8,19.34285714,Rainy,Pleasant,39,26,1,22
09-06-2025,Chennai,Monsoon,6,2025,35.94285714,26.9,23.4,16.91428571,Rainy,Hot,54,33,0,29
09-06-2025,Delhi,Monsoon,6,2025,42.15714286,30.37142857,2.1,14.22857143,Dry,Very Hot,38,41,1,26.66666667
09-06-2025,Jaipur,Monsoon,6,2025,42.15714286,30.37142857,0.8,15.47142857,Dry,Very Hot,23,32,1,18.66666667
09-06-2025,Kolkata,Monsoon,6,2025,35.47142857,27.87142857,23.7,11.01428571,Rainy,Hot,43,41,0,28
09-06-2025,Lucknow,Monsoon,6,2025,41.92857143,31.51428571,3,14.75714286,Dry,Very Hot,40,48,1,29.66666667
09-06-2025,Mumbai,Monsoon,6,2025,30.74285714,26.67142857,149.5,17.91428571,Rainy,Hot,31,32,0,21
09-06-2025,Pune,Monsoon,6,2025,30.81428571,22.97142857,75.7,15.48571429,Rainy,Hot,31,32,0,21
16-06-2025,Ahmedabad,Monsoon,6,2025,33.37142857,26.52857143,64.7,13.47142857,Rainy,Hot,24,30,1,18.33333333
16-06-2025,Bangalore,Monsoon,6,2025,27.75714286,19.92857143,18.6,23.5,Rainy,Pleasant,41,25,1,22.33333333
16-06-2025,Chennai,Monsoon,6,2025,37.15714286,27.95714286,3.7,18.64285714,Dry,Hot,56,35,2,31
16-06-2025,Delhi,Monsoon,6,2025,33.12857143,25.8,51.5,10.25714286,Rainy,Hot,32,40,0,24
16-06-2025,Jaipur,Monsoon,6,2025,33.27142857,25.24285714,57.7,12.42857143,Rainy,Hot,24,26,0,16.66666667
16-06-2025,Kolkata,Monsoon,6,2025,31.34285714,25.87142857,140.9,15.74285714,Rainy,Hot,41,36,0,25.66666667
16-06-2025,Lucknow,Monsoon,6,2025,34.94285714,26.47142857,77.7,13.74285714,Rainy,Hot,35,45,1,27
16-06-2025,Mumbai,Monsoon,6,2025,28.85714286,25.47142857,307.4,23.98571429,Rainy,Pleasant,29,31,1,20.33333333
16-06-2025,Pune,Monsoon,6,2025,26.65714286,22.42857143,85.2,26.61428571,Rainy,Pleasant,29,31,1,20.33333333
23-06-2025,Ahmedabad,Monsoon,6,2025,31.85714286,26.22857143,66.1,13.37142857,Rainy,Hot,24,29,0,17.66666667
23-06-2025,Bangalore,Monsoon,6,2025,27.98571429,20.14285714,19,25.04285714,Rainy,Pleasant,40,26,1,22.33333333
23-06-2025,Chennai,Monsoon,6,2025,36.72857143,28.27142857,2.8,18.7,Dry,Hot,57,37,1,31.66666667
23-06-2025,Delhi,Monsoon,6,2025,34.45714286,26.68571429,50.6,9.928571429,Rainy,Hot,35,35,1,23.66666667
23-06-2025,Jaipur,Monsoon,6,2025,33.97142857,25.74285714,15.2,12.94285714,Rainy,Hot,27,27,0,18
23-06-2025,Kolkata,Monsoon,6,2025,31.44285714,25.92857143,122.4,12.31428571,Rainy,Hot,40,38,0,26
23-06-2025,Lucknow,Monsoon,6,2025,34,26.67142857,22,13.04285714,Rainy,Hot,37,45,1,27.66666667
23-06-2025,Mumbai,Monsoon,6,2025,29.01428571,25.52857143,166.4,23.05714286,Rainy,Pleasant,29,31,1,20.33333333
23-06-2025,Pune,Monsoon,6,2025,26.71428571,22.48571429,48.6,26.17142857,Rainy,Pleasant,29,31,1,20.33333333
30-06-2025,Ahmedabad,Monsoon,6,2025,31.61428571,25.64285714,101.4,12.77142857,Rainy,Hot,23,28,0,17
30-06-2025,Bangalore,Monsoon,6,2025,27.87142857,19.91428571,21.9,24.47142857,Rainy,Pleasant,36,26,1,21
30-06-2025,Chennai,Monsoon,6,2025,36.88571429,27.84285714,7.7,16.87142857,Dry,Hot,57,38,2,32.33333333
30-06-2025,Delhi,Monsoon,6,2025,33.81428571,26.22857143,39.5,9.3,Rainy,Hot,31,42,1,24.66666667
30-06-2025,Jaipur,Monsoon,6,2025,32.75714286,25.17142857,41.1,11.2,Rainy,Hot,25,26,0,17
30-06-2025,Kolkata,Monsoon,6,2025,31.15714286,25.58571429,103.7,10.51428571,Rainy,Hot,40,37,2,26.33333333
30-06-2025,Lucknow,Monsoon,6,2025,32.9,25.71428571,80.2,11.78571429,Rainy,Hot,39,50,1,30
30-06-2025,Mumbai,Monsoon,6,2025,28.25714286,25.12857143,213,22.32857143,Rainy,Pleasant,29,32,1,20.66666667
30-06-2025,Pune,Monsoon,6,2025,25.94285714,22.08571429,52.8,25.38571429,Rainy,Pleasant,29,32,1,20.66666667
07-07-2025,Ahmedabad,Monsoon,7,2025,32.11428571,25.9,39,12.91428571,Rainy,Hot,23,28,0,17
07-07-2025,Bangalore,Monsoon,7,2025,28.74285714,19.9,21.4,22.38571429,Rainy,Pleasant,37,27,1,21.66666667
07-07-2025,Chennai,Monsoon,7,2025,37.5,27.78571429,33.9,17.68571429,Rainy,Hot,57,35,0,30.66666667
07-07-2025,Delhi,Monsoon,7,2025,32.27142857,26.22857143,53.7,8.428571429,Rainy,Hot,32,39,0,23.66666667
07-07-2025,Jaipur,Monsoon,7,2025,31.47142857,24.71428571,54.5,11.5,Rainy,Hot,23,27,0,16.66666667
07-07-2025,Kolkata,Monsoon,7,2025,30.58571429,25.47142857,103.2,11.94285714,Rainy,Hot,39,42,1,27.33333333
07-07-2025,Lucknow,Monsoon,7,2025,33.14285714,25.98571429,61.9,11.84285714,Rainy,Hot,35,41,0,25.33333333
07-07-2025,Mumbai,Monsoon,7,2025,28.48571429,25.4,58.9,17.81428571,Rainy,Pleasant,29,30,1,20
07-07-2025,Pune,Monsoon,7,2025,27,22.35714286,11.3,20.74285714,Rainy,Pleasant,29,30,1,20
14-07-2025,Ahmedabad,Monsoon,7,2025,32.81428571,26.21428571,26.7,11.94285714,Rainy,Hot,25,42,0,22.33333333
14-07-2025,Bangalore,Monsoon,7,2025,27.01428571,19.77142857,87.8,18.97142857,Rainy,Pleasant,41,39,1,27
14-07-2025,Chennai,Monsoon,7,2025,34.15714286,25.9,44,16,Rainy,Hot,52,44,1,32.33333333
14-07-2025,Delhi,Monsoon,7,2025,32,25.94285714,38.6,14.9,Rainy,Hot,34,54,0,29.33333333
14-07-2025,Jaipur,Monsoon,7,2025,30.45714286,24.18571429,116.4,15.15714286,Rainy,Hot,26,41,0,22.33333333
14-07-2025,Kolkata,Monsoon,7,2025,31.8,26.51428571,84.6,12.87142857,Rainy,Hot,39,55,0,31.33333333
14-07-2025,Lucknow,Monsoon,7,2025,32.52857143,26.18571429,27.9,15.42857143,Rainy,Hot,38,62,1,33.66666667
14-07-2025,Mumbai,Monsoon,7,2025,28.47142857,25.14285714,100.1,14.77142857,Rainy,Pleasant,30,41,1,24
14-07-2025,Pune,Monsoon,7,2025,27.58571429,22.38571429,49.8,17.72857143,Rainy,Pleasant,30,41,1,24
21-07-2025,Ahmedabad,Monsoon,7,2025,31.98571429,25.92857143,50.8,12.35714286,Rainy,Hot,24,31,0,18.33333333
21-07-2025,Bangalore,Monsoon,7,2025,25.68571429,19.82857143,57.1,25.7,Rainy,Pleasant,39,31,1,23.66666667
21-07-2025,Chennai,Monsoon,7,2025,31.94285714,25.8,12.5,18.85714286,Rainy,Hot,51,39,0,30
21-07-2025,Delhi,Monsoon,7,2025,34.68571429,26.72857143,7,10.35714286,Dry,Hot,36,45,1,27.33333333
21-07-2025,Jaipur,Monsoon,7,2025,31.87142857,25.67142857,30.4,10.84285714,Rainy,Hot,28,30,0,19.33333333
21-07-2025,Kolkata,Monsoon,7,2025,32.67142857,26.84285714,44.6,12.55714286,Rainy,Hot,42,46,0,29.33333333
21-07-2025,Lucknow,Monsoon,7,2025,34.4,27.17142857,21.2,12.64285714,Rainy,Hot,39,50,1,30
21-07-2025,Mumbai,Monsoon,7,2025,27.8,25.22857143,137.8,19.4,Rainy,Pleasant,28,31,0,19.66666667
21-07-2025,Pune,Monsoon,7,2025,25.91428571,22.3,84,22.25714286,Rainy,Pleasant,28,31,0,19.66666667
28-07-2025,Ahmedabad,Monsoon,7,2025,31.52857143,25.67142857,17.3,13.55714286,Rainy,Hot,25,32,0,19
28-07-2025,Bangalore,Monsoon,7,2025,27.65714286,19.24285714,11.2,19.31428571,Rainy,Pleasant,44,27,0,23.66666667
28-07-2025,Chennai,Monsoon,7,2025,36.04285714,26.58571429,6.9,16.62857143,Dry,Hot,57,38,2,32.33333333
28-07-2025,Delhi,Monsoon,7,2025,32.81428571,26.42857143,59,10.12857143,Rainy,Hot,41,45,0,28.66666667
28-07-2025,Jaipur,Monsoon,7,2025,30.88571429,25.1,62.6,12.65714286,Rainy,Hot,32,33,0,21.66666667
28-07-2025,Kolkata,Monsoon,7,2025,30.82857143,25.94285714,174.5,12.38571429,Rainy,Hot,43,44,0,29
28-07-2025,Lucknow,Monsoon,7,2025,30.9,25.9,108,12.5,Rainy,Hot,44,52,1,32.33333333
28-07-2025,Mumbai,Monsoon,7,2025,27.91428571,25.45714286,45.9,20.48571429,Rainy,Pleasant,33,33,1,22.33333333
28-07-2025,Pune,Monsoon,7,2025,26.52857143,22.01428571,14.4,24.51428571,Rainy,Pleasant,33,33,1,22.33333333
04-08-2025,Ahmedabad,Monsoon,8,2025,33.01428571,26.07142857,5.4,11.38571429,Dry,Hot,24,31,1,18.66666667
04-08-2025,Bangalore,Monsoon,8,2025,27.42857143,19.9,48.1,11.27142857,Rainy,Pleasant,40,26,1,22.33333333
04-08-2025,Chennai,Monsoon,8,2025,32.68571429,25.02857143,76.8,12.82857143,Rainy,Hot,57,41,1,33
04-08-2025,Delhi,Monsoon,8,2025,31.78571429,26.22857143,19.5,9.971428571,Rainy,Hot,36,46,0,27.33333333
04-08-2025,Jaipur,Monsoon,8,2025,32.2,24.98571429,2.5,13.38571429,Dry,Hot,28,37,0,21.66666667
04-08-2025,Kolkata,Monsoon,8,2025,31.65714286,25.6,77.2,13.52857143,Rainy,Hot,43,40,0,27.66666667
04-08-2025,Lucknow,Monsoon,8,2025,31.32857143,25.42857143,132.1,12.28571429,Rainy,Hot,39,50,1,30
04-08-2025,Mumbai,Monsoon,8,2025,28.47142857,25.21428571,19.9,11.91428571,Rainy,Pleasant,30,30,1,20.33333333
04-08-2025,Pune,Monsoon,8,2025,28.34285714,21.42857143,22.7,12.95714286,Rainy,Pleasant,30,30,1,20.33333333
11-08-2025,Ahmedabad,Monsoon,8,2025,33.02857143,26.28571429,49.9,10.12857143,Rainy,Hot,22,34,1,19
11-08-2025,Bangalore,Monsoon,8,2025,25.22857143,19.24285714,65.1,19,Rainy,Pleasant,37,26,1,21.33333333
11-08-2025,Chennai,Monsoon,8,2025,31.11428571,25.08571429,64.6,14.97142857,Rainy,Hot,52,34,2,29.33333333
11-08-2025,Delhi,Monsoon,8,2025,32.07142857,26.41428571,26,9.185714286,Rainy,Hot,35,43,1,26.33333333
11-08-2025,Jaipur,Monsoon,8,2025,32.15714286,25.74285714,9.9,11.1,Dry,Hot,26,31,0,19
11-08-2025,Kolkata,Monsoon,8,2025,31.97142857,26.44285714,68.1,11.65714286,Rainy,Hot,36,41,0,25.66666667
11-08-2025,Lucknow,Monsoon,8,2025,32.57142857,26.24285714,44.6,11.97142857,Rainy,Hot,38,51,1,30
11-08-2025,Mumbai,Monsoon,8,2025,27.7,24.98571429,149.9,14.94285714,Rainy,Pleasant,29,32,1,20.66666667
11-08-2025,Pune,Monsoon,8,2025,26.82857143,21.67142857,30.5,17.51428571,Rainy,Pleasant,29,32,1,20.66666667
18-08-2025,Ahmedabad,Monsoon,8,2025,30.78571429,25.35714286,110.6,13.15714286,Rainy,Hot,22,31,0,17.66666667
18-08-2025,Bangalore,Monsoon,8,2025,26.3,19.01428571,13.8,18.44285714,Rainy,Pleasant,40,29,0,23
18-08-2025,Chennai,Monsoon,8,2025,32.44285714,25.24285714,36,15.71428571,Rainy,Hot,56,37,1,31.33333333
18-08-2025,Delhi,Monsoon,8,2025,32.54285714,26.07142857,62.1,12.05714286,Rainy,Hot,33,40,0,24.33333333
18-08-2025,Jaipur,Monsoon,8,2025,31.32857143,24.52857143,123.7,13.37142857,Rainy,Hot,21,30,0,17
18-08-2025,Kolkata,Monsoon,8,2025,29.97142857,25.24285714,107.6,15.94285714,Rainy,Pleasant,39,43,0,27.33333333
18-08-2025,Lucknow,Monsoon,8,2025,32.15714286,26.02857143,25.1,16.1,Rainy,Hot,35,43,0,26
18-08-2025,Mumbai,Monsoon,8,2025,27.38571429,25.08571429,372.6,25.4,Rainy,Pleasant,31,32,1,21.33333333
18-08-2025,Pune,Monsoon,8,2025,25.21428571,21.92857143,101.8,25.28571429,Rainy,Pleasant,31,32,1,21.33333333
25-08-2025,Ahmedabad,Monsoon,8,2025,31.28571429,25.38571429,105.2,11.18571429,Rainy,Hot,24,34,0,19.33333333
25-08-2025,Bangalore,Monsoon,8,2025,26.85714286,19.1,40.6,19.35714286,Rainy,Pleasant,42,27,0,23
25-08-2025,Chennai,Monsoon,8,2025,34.74285714,26.05714286,70.7,14.82857143,Rainy,Hot,57,37,1,31.66666667
25-08-2025,Delhi,Monsoon,8,2025,30.97142857,25.04285714,72.8,13.18571429,Rainy,Hot,39,43,1,27.66666667
25-08-2025,Jaipur,Monsoon,8,2025,31.4,24.31428571,57.8,9.614285714,Rainy,Hot,25,31,1,19
25-08-2025,Kolkata,Monsoon,8,2025,31.34285714,25.72857143,45.9,11.34285714,Rainy,Hot,37,43,0,26.66666667
25-08-2025,Lucknow,Monsoon,8,2025,31.84285714,26.08571429,39.6,15.22857143,Rainy,Hot,37,54,1,30.66666667
25-08-2025,Mumbai,Monsoon,8,2025,27.9,25,82.3,15.17142857,Rainy,Pleasant,29,33,1,21
25-08-2025,Pune,Monsoon,8,2025,26.88571429,21.85714286,50.3,18.18571429,Rainy,Pleasant,29,33,1,21
01-09-2025,Ahmedabad,Monsoon,9,2025,30.18571429,24.91428571,126.7,14.92857143,Rainy,Hot,21,30,1,17.33333333
01-09-2025,Bangalore,Monsoon,9,2025,26.67142857,19.32857143,25,17.62857143,Rainy,Pleasant,35,24,0,19.66666667
01-09-2025,Chennai,Monsoon,9,2025,35.08571429,25.98571429,33.4,16.35714286,Rainy,Hot,53,34,1,29.33333333
01-09-2025,Delhi,Monsoon,9,2025,30.15714286,24.35714286,106,13.94285714,Rainy,Hot,32,37,0,23
01-09-2025,Jaipur,Monsoon,9,2025,29.77142857,23.32857143,58.5,15.17142857,Rainy,Pleasant,24,26,0,16.66666667
01-09-2025,Kolkata,Monsoon,9,2025,31.64285714,25.74285714,87.5,13.31428571,Rainy,Hot,33,37,0,23.33333333
01-09-2025,Lucknow,Monsoon,9,2025,32.25714286,25.85714286,41.9,14.98571429,Rainy,Hot,34,43,1,26
01-09-2025,Mumbai,Monsoon,9,2025,27.54285714,24.84285714,86.7,17.18571429,Rainy,Pleasant,26,29,1,18.66666667
01-09-2025,Pune,Monsoon,9,2025,26.52857143,21.7,10.5,21.15714286,Rainy,Pleasant,26,29,1,18.66666667
08-09-2025,Ahmedabad,Monsoon,9,2025,31.54285714,24.32857143,2.3,10.17142857,Dry,Hot,21,28,0,16.33333333
08-09-2025,Bangalore,Monsoon,9,2025,27.54285714,19.11428571,13.3,12.21428571,Rainy,Pleasant,38,26,1,21.66666667
08-09-2025,Chennai,Monsoon,9,2025,34.05714286,25.87142857,49.6,13.67142857,Rainy,Hot,52,35,0,29
08-09-2025,Delhi,Monsoon,9,2025,33.64285714,25.55714286,2.4,11.8,Dry,Hot,31,32,1,21.33333333
08-09-2025,Jaipur,Monsoon,9,2025,31.22857143,23.48571429,0.5,11.1,Dry,Hot,23,26,0,16.33333333
08-09-2025,Kolkata,Monsoon,9,2025,32.98571429,26.35714286,42.7,11.17142857,Rainy,Hot,37,39,0,25.33333333
08-09-2025,Lucknow,Monsoon,9,2025,34.5,26.57142857,7.7,11.51428571,Dry,Hot,33,44,1,26
08-09-2025,Mumbai,Monsoon,9,2025,28.85714286,24.51428571,34.1,13.42857143,Rainy,Pleasant,27,30,1,19.33333333
08-09-2025,Pune,Monsoon,9,2025,28.34285714,20.58571429,56.5,12.2,Rainy,Pleasant,27,30,1,19.33333333
15-09-2025,Ahmedabad,Monsoon,9,2025,33.64285714,25.87142857,8,9.271428571,Dry,Hot,22,30,1,17.66666667
15-09-2025,Bangalore,Monsoon,9,2025,26.67142857,19.38571429,60.4,14.85714286,Rainy,Pleasant,38,23,0,20.33333333
15-09-2025,Chennai,Monsoon,9,2025,31.74285714,25.15714286,53.7,13.12857143,Rainy,Hot,51,34,1,28.66666667
15-09-2025,Delhi,Monsoon,9,2025,36.07142857,26.45714286,2.6,11.74285714,Dry,Hot,32,34,1,22.33333333
15-09-2025,Jaipur,Monsoon,9,2025,33.18571429,24.78571429,0.7,10.12857143,Dry,Hot,26,25,0,17
15-09-2025,Kolkata,Monsoon,9,2025,31.22857143,25.74285714,83.3,9.557142857,Rainy,Hot,42,42,0,28
15-09-2025,Lucknow,Monsoon,9,2025,31.81428571,24.82857143,40,10.38571429,Rainy,Hot,33,43,1,25.66666667
15-09-2025,Mumbai,Monsoon,9,2025,28.1,24.75714286,143,12.02857143,Rainy,Pleasant,27,26,1,18
15-09-2025,Pune,Monsoon,9,2025,27.32857143,21.32857143,79.6,13,Rainy,Pleasant,27,26,1,18
22-09-2025,Ahmedabad,Monsoon,9,2025,34.04285714,26.32857143,19.4,11.42857143,Rainy,Hot,22,31,0,17.66666667
22-09-2025,Bangalore,Monsoon,9,2025,26.6,19.15714286,27.1,20.15714286,Rainy,Pleasant,38,28,1,22.33333333
22-09-2025,Chennai,Monsoon,9,2025,33.08571429,25.35714286,48.2,17.35714286,Rainy,Hot,54,36,2,30.66666667
22-09-2025,Delhi,Monsoon,9,2025,36.84285714,26.44285714,0.1,13.62857143,Dry,Hot,34,35,1,23.33333333
22-09-2025,Jaipur,Monsoon,9,2025,34.72857143,24.94285714,0.6,13.62857143,Dry,Hot,26,26,0,17.33333333
22-09-2025,Kolkata,Monsoon,9,2025,31.24285714,25.67142857,100,12.31428571,Rainy,Hot,44,50,0,31.33333333
22-09-2025,Lucknow,Monsoon,9,2025,34.65714286,26.78571429,3.4,11.64285714,Dry,Hot,37,46,1,28
22-09-2025,Mumbai,Monsoon,9,2025,28.21428571,24.54285714,176.1,15.75714286,Rainy,Pleasant,30,30,0,20
22-09-2025,Pune,Monsoon,9,2025,25.92857143,20.84285714,119.1,17.57142857,Rainy,Pleasant,30,30,0,20
29-09-2025,Ahmedabad,Monsoon,9,2025,31.52857143,24.92857143,7.8,12.98571429,Dry,Hot,24,29,1,18
29-09-2025,Bangalore,Monsoon,9,2025,28.27142857,19.28571429,25.9,17.71428571,Rainy,Pleasant,38,26,1,21.66666667
29-09-2025,Chennai,Monsoon,9,2025,32.34285714,25.38571429,24.8,14.88571429,Rainy,Hot,51,33,1,28.33333333
29-09-2025,Delhi,Monsoon,9,2025,34.12857143,25.14285714,12.8,11.4,Rainy,Hot,32,39,1,24
29-09-2025,Jaipur,Monsoon,9,2025,31.2,23.68571429,29.2,10.22857143,Rainy,Hot,25,28,0,17.66666667
29-09-2025,Kolkata,Monsoon,9,2025,31.1,25.45714286,74.5,12.64285714,Rainy,Hot,41,48,1,30
29-09-2025,Lucknow,Monsoon,9,2025,32.8,25.35714286,28.7,13.02857143,Rainy,Hot,36,45,1,27.33333333
29-09-2025,Mumbai,Monsoon,9,2025,28.24285714,24.41428571,49.3,18.6,Rainy,Pleasant,28,30,1,19.66666667
29-09-2025,Pune,Monsoon,9,2025,27.5,21.41428571,12.2,15.91428571,Rainy,Pleasant,28,30,1,19.66666667
06-10-2025,Ahmedabad,Post-Monsoon,10,2025,33.08571429,24,2.8,9.871428571,Dry,Hot,26,29,0,18.33333333
06-10-2025,Bangalore,Post-Monsoon,10,2025,27.55714286,19.28571429,74.9,10.44285714,Rainy,Pleasant,39,27,1,22.33333333
06-10-2025,Chennai,Post-Monsoon,10,2025,31.34285714,25.22857143,35,11.48571429,Rainy,Hot,57,38,1,32
06-10-2025,Delhi,Post-Monsoon,10,2025,28.51428571,20.4,20.4,9.8,Rainy,Pleasant,43,37,1,27
06-10-2025,Jaipur,Post-Monsoon,10,2025,28.38571429,19.37142857,33,10.31428571,Rainy,Pleasant,29,32,0,20.33333333
06-10-2025,Kolkata,Post-Monsoon,10,2025,30.97142857,25.02857143,30.2,7.485714286,Rainy,Hot,44,45,0,29.66666667
06-10-2025,Lucknow,Post-Monsoon,10,2025,31.81428571,22.64285714,5.1,11.44285714,Dry,Hot,40,44,1,28.33333333
06-10-2025,Mumbai,Post-Monsoon,10,2025,31.41428571,24.38571429,3.8,12.22857143,Dry,Hot,31,30,1,20.66666667
06-10-2025,Pune,Post-Monsoon,10,2025,29.35714286,20.41428571,3.6,10.25714286,Dry,Pleasant,31,30,1,20.66666667
13-10-2025,Ahmedabad,Post-Monsoon,10,2025,35.31428571,24.11428571,0,9.985714286,Dry,Hot,24,30,0,18
13-10-2025,Bangalore,Post-Monsoon,10,2025,27.2,19.7,52.2,14.57142857,Rainy,Pleasant,39,25,1,21.66666667
13-10-2025,Chennai,Post-Monsoon,10,2025,29.17142857,24.71428571,125.1,12.77142857,Rainy,Pleasant,57,36,1,31.33333333
13-10-2025,Delhi,Post-Monsoon,10,2025,32.31428571,21.1,0,6.471428571,Dry,Hot,37,36,0,24.33333333
13-10-2025,Jaipur,Post-Monsoon,10,2025,30.42857143,19.32857143,0,8.085714286,Dry,Hot,28,30,0,19.33333333
13-10-2025,Kolkata,Post-Monsoon,10,2025,33.17142857,24.38571429,2,9.585714286,Dry,Hot,44,43,0,29
13-10-2025,Lucknow,Post-Monsoon,10,2025,32.54285714,21.28571429,0,8.685714286,Dry,Hot,36,46,1,27.66666667
13-10-2025,Mumbai,Post-Monsoon,10,2025,35.21428571,25.48571429,9.4,12.65714286,Dry,Hot,29,30,1,20
13-10-2025,Pune,Post-Monsoon,10,2025,31.75714286,21.62857143,1.6,14.04285714,Dry,Hot,29,30,1,20
20-10-2025,Ahmedabad,Post-Monsoon,10,2025,34.3,26.01428571,5.2,14.21428571,Dry,Hot,26,31,0,19
20-10-2025,Bangalore,Post-Monsoon,10,2025,25.98571429,19.82857143,38.1,14.58571429,Rainy,Pleasant,38,26,1,21.66666667
20-10-2025,Chennai,Post-Monsoon,10,2025,28.41428571,24.6,133.2,13.74285714,Rainy,Pleasant,52,33,1,28.66666667
20-10-2025,Delhi,Post-Monsoon,10,2025,31.81428571,21.24285714,0.4,7.785714286,Dry,Hot,34,35,1,23.33333333
20-10-2025,Jaipur,Post-Monsoon,10,2025,30.61428571,19.3,0,10.71428571,Dry,Hot,30,25,0,18.33333333
20-10-2025,Kolkata,Post-Monsoon,10,2025,34.44285714,25.34285714,0.2,9.371428571,Dry,Hot,35,41,0,25.33333333
20-10-2025,Lucknow,Post-Monsoon,10,2025,33.18571429,23.38571429,0,9.285714286,Dry,Hot,34,40,1,25
20-10-2025,Mumbai,Post-Monsoon,10,2025,32.51428571,25.81428571,73.8,13.82857143,Rainy,Hot,27,29,1,19
20-10-2025,Pune,Post-Monsoon,10,2025,30.18571429,21.84285714,47.3,15.87142857,Rainy,Hot,27,29,1,19
27-10-2025,Ahmedabad,Post-Monsoon,10,2025,28.08571429,23.37142857,88.2,13.68571429,Rainy,Pleasant,22,27,0,16.33333333
27-10-2025,Bangalore,Post-Monsoon,10,2025,26.42857143,18.62857143,5.2,15.54285714,Dry,Pleasant,39,26,1,22
27-10-2025,Chennai,Post-Monsoon,10,2025,30.64285714,24.5,102,17.64285714,Rainy,Hot,53,38,1,30.66666667
27-10-2025,Delhi,Post-Monsoon,10,2025,29.12857143,20.78571429,0.2,9.428571429,Dry,Pleasant,33,36,0,23
27-10-2025,Jaipur,Post-Monsoon,10,2025,24.78571429,19.05714286,17.3,10.84285714,Rainy,Pleasant,23,30,0,17.66666667
27-10-2025,Kolkata,Post-Monsoon,10,2025,31.15714286,25.32857143,48.2,11.04285714,Rainy,Hot,37,40,0,25.66666667
27-10-2025,Lucknow,Post-Monsoon,10,2025,27.52857143,21.28571429,38,12.45714286,Rainy,Pleasant,35,43,0,26
27-10-2025,Mumbai,Post-Monsoon,10,2025,29.52857143,24.85714286,41.2,19.37142857,Rainy,Pleasant,27,30,1,19.33333333
27-10-2025,Pune,Post-Monsoon,10,2025,28.52857143,20.84285714,32,13.85714286,Rainy,Pleasant,27,30,1,19.33333333
03-11-2025,Ahmedabad,Post-Monsoon,11,2025,30.24285714,20.58571429,0.8,9.071428571,Dry,Hot,22,28,0,16.66666667
03-11-2025,Bangalore,Post-Monsoon,11,2025,27.15714286,18.55714286,7.1,11,Dry,Pleasant,41,27,1,23
03-11-2025,Chennai,Post-Monsoon,11,2025,31.31428571,24.67142857,36.3,13.88571429,Rainy,Hot,52,35,1,29.33333333
03-11-2025,Delhi,Post-Monsoon,11,2025,27.91428571,16.32857143,0,10.95714286,Dry,Pleasant,33,33,1,22.33333333
03-11-2025,Jaipur,Post-Monsoon,11,2025,26.9,15.61428571,0.3,9.914285714,Dry,Pleasant,23,27,1,17
03-11-2025,Kolkata,Post-Monsoon,11,2025,30.11428571,21.55714286,0.6,10.27142857,Dry,Hot,37,41,0,26
03-11-2025,Lucknow,Post-Monsoon,11,2025,29.1,17.75714286,0,10.78571429,Dry,Pleasant,33,42,1,25.33333333
03-11-2025,Mumbai,Post-Monsoon,11,2025,30.05714286,23.15714286,4.8,11.72857143,Dry,Hot,28,30,1,19.66666667
03-11-2025,Pune,Post-Monsoon,11,2025,28.45714286,19.02857143,0.7,11.02857143,Dry,Pleasant,28,30,1,19.66666667
10-11-2025,Ahmedabad,Post-Monsoon,11,2025,30.12857143,18.15714286,0,9.842857143,Dry,Hot,22,26,1,16.33333333
10-11-2025,Bangalore,Post-Monsoon,11,2025,27.58571429,18.02857143,0.7,11.22857143,Dry,Pleasant,38,27,0,21.66666667
10-11-2025,Chennai,Post-Monsoon,11,2025,30.18571429,25.37142857,4.2,18.67142857,Dry,Hot,55,32,1,29.33333333
10-11-2025,Delhi,Post-Monsoon,11,2025,26.77142857,13.27142857,0,10.52857143,Dry,Pleasant,31,35,1,22.33333333
10-11-2025,Jaipur,Post-Monsoon,11,2025,26,12.72857143,0,8.428571429,Dry,Pleasant,22,28,0,16.66666667
10-11-2025,Kolkata,Post-Monsoon,11,2025,28.65714286,18.24285714,0,8.8,Dry,Pleasant,34,34,1,23
10-11-2025,Lucknow,Post-Monsoon,11,2025,27.11428571,14.28571429,0,10.04285714,Dry,Pleasant,31,40,1,24
10-11-2025,Mumbai,Post-Monsoon,11,2025,32.81428571,21.14285714,0,12.32857143,Dry,Hot,27,29,1,19
10-11-2025,Pune,Post-Monsoon,11,2025,29.51428571,16.04285714,0,9.2,Dry,Pleasant,27,29,1,19
17-11-2025,Ahmedabad,Post-Monsoon,11,2025,30.01428571,17.54285714,0,10.48571429,Dry,Hot,22,28,1,17
17-11-2025,Bangalore,Post-Monsoon,11,2025,26.57142857,18.32857143,8.7,14.48571429,Dry,Pleasant,38,24,0,20.66666667
17-11-2025,Chennai,Post-Monsoon,11,2025,28.28571429,23.74285714,70.1,18.87142857,Rainy,Pleasant,58,39,2,33
17-11-2025,Delhi,Post-Monsoon,11,2025,25.98571429,13.52857143,0,6.928571429,Dry,Pleasant,36,33,1,23.33333333
17-11-2025,Jaipur,Post-Monsoon,11,2025,24.81428571,12.61428571,0,6.042857143,Dry,Pleasant,23,28,0,17
17-11-2025,Kolkata,Post-Monsoon,11,2025,29.48571429,19.3,0,8.342857143,Dry,Pleasant,35,32,0,22.33333333
17-11-2025,Lucknow,Post-Monsoon,11,2025,27.05714286,15.45714286,0,7.657142857,Dry,Pleasant,34,43,1,26
17-11-2025,Mumbai,Post-Monsoon,11,2025,32.85714286,20.75714286,0,12.41428571,Dry,Hot,27,30,1,19.33333333
17-11-2025,Pune,Post-Monsoon,11,2025,30.37142857,15.61428571,0,10.82857143,Dry,Hot,27,30,1,19.33333333
24-11-2025,Ahmedabad,Post-Monsoon,11,2025,31.1,20.9,0.2,10.15714286,Dry,Hot,20,28,1,16.33333333
24-11-2025,Bangalore,Post-Monsoon,11,2025,24.77142857,17.25714286,6.4,15.98571429,Dry,Pleasant,37,25,1,21
24-11-2025,Chennai,Post-Monsoon,11,2025,27.78571429,24.5,101.7,23.3,Rainy,Pleasant,65,38,2,35
24-11-2025,Delhi,Post-Monsoon,11,2025,24.55714286,12,0,8.071428571,Dry,Pleasant,32,40,1,24.33333333
24-11-2025,Jaipur,Post-Monsoon,11,2025,24.35714286,13.37142857,0.9,8.471428571,Dry,Pleasant,22,28,0,16.66666667
24-11-2025,Kolkata,Post-Monsoon,11,2025,28.21428571,17.91428571,0,8.985714286,Dry,Pleasant,33,37,0,23.33333333
24-11-2025,Lucknow,Post-Monsoon,11,2025,25.7,13.38571429,0,9.314285714,Dry,Pleasant,35,43,1,26.33333333
24-11-2025,Mumbai,Post-Monsoon,11,2025,32.88571429,23.04285714,0,11.81428571,Dry,Hot,25,30,1,18.66666667
24-11-2025,Pune,Post-Monsoon,11,2025,29.74285714,18.05714286,0,11.62857143,Dry,Pleasant,25,30,1,18.66666667
01-12-2025,Ahmedabad,Winter,12,2025,29.27142857,18.25714286,0,10.68571429,Dry,Pleasant,24,32,1,19
01-12-2025,Bangalore,Winter,12,2025,25.21428571,18.44285714,10.9,15.24285714,Rainy,Pleasant,37,24,1,20.66666667
01-12-2025,Chennai,Winter,12,2025,26.98571429,23.81428571,325.8,22.88571429,Rainy,Pleasant,61,34,1,32
01-12-2025,Delhi,Winter,12,2025,23.38571429,10.28571429,0,9.385714286,Dry,Pleasant,34,38,1,24.33333333
01-12-2025,Jaipur,Winter,12,2025,24.12857143,12.02857143,0,9.357142857,Dry,Pleasant,26,28,0,18
01-12-2025,Kolkata,Winter,12,2025,27.14285714,16.98571429,0,8.914285714,Dry,Pleasant,37,39,1,25.66666667
01-12-2025,Lucknow,Winter,12,2025,24.5,11.87142857,0,10.81428571,Dry,Pleasant,36,49,1,28.66666667
01-12-2025,Mumbai,Winter,12,2025,33.18571429,21.38571429,0,13.07142857,Dry,Hot,29,30,1,20
01-12-2025,Pune,Winter,12,2025,28.94285714,15.84285714,0,10.8,Dry,Pleasant,29,30,1,20
08-12-2025,Ahmedabad,Winter,12,2025,30.44285714,16.64285714,0,9.742857143,Dry,Hot,22,27,0,16.33333333
08-12-2025,Bangalore,Winter,12,2025,26.87142857,15,0,13.45714286,Dry,Pleasant,39,25,1,21.66666667
08-12-2025,Chennai,Winter,12,2025,27.64285714,23.31428571,0.7,18.97142857,Dry,Pleasant,56,33,1,30
08-12-2025,Delhi,Winter,12,2025,24.47142857,11.51428571,0,8.657142857,Dry,Pleasant,35,34,1,23.33333333
08-12-2025,Jaipur,Winter,12,2025,25.91428571,12.77142857,0,8.1,Dry,Pleasant,26,29,0,18.33333333
08-12-2025,Kolkata,Winter,12,2025,26.71428571,15.78571429,0,7.757142857,Dry,Pleasant,33,35,0,22.66666667
08-12-2025,Lucknow,Winter,12,2025,24.51428571,11.57142857,0,8.528571429,Dry,Pleasant,36,45,1,27.33333333
08-12-2025,Mumbai,Winter,12,2025,32.95714286,19.98571429,0,12.7,Dry,Hot,26,28,1,18.33333333
08-12-2025,Pune,Winter,12,2025,29.24285714,13.85714286,0,12.22857143,Dry,Pleasant,26,28,1,18.33333333
15-12-2025,Ahmedabad,Winter,12,2025,30.27142857,16.8,0,9.871428571,Dry,Hot,25,34,0,19.66666667
15-12-2025,Bangalore,Winter,12,2025,26.1,15.01428571,0.1,13.91428571,Dry,Pleasant,40,28,1,23
15-12-2025,Chennai,Winter,12,2025,28.38571429,22.82857143,6.9,16.6,Dry,Pleasant,59,41,2,34
15-12-2025,Delhi,Winter,12,2025,22.42857143,10.92857143,0,8.485714286,Dry,Pleasant,36,45,1,27.33333333
15-12-2025,Jaipur,Winter,12,2025,25.54285714,11.97142857,0,7.528571429,Dry,Pleasant,29,36,0,21.66666667
15-12-2025,Kolkata,Winter,12,2025,26.35714286,16.17142857,0,8.571428571,Dry,Pleasant,40,49,1,30
15-12-2025,Lucknow,Winter,12,2025,20.82857143,10.77142857,0,6.542857143,Dry,Pleasant,43,51,1,31.66666667
15-12-2025,Mumbai,Winter,12,2025,32.88571429,19.64285714,0,13.28571429,Dry,Hot,31,34,1,22
15-12-2025,Pune,Winter,12,2025,29.22857143,14.04285714,0,12.32857143,Dry,Pleasant,31,34,1,22
22-12-2025,Ahmedabad,Winter,12,2025,29.32857143,17.11428571,0,10.1,Dry,Pleasant,23,32,1,18.66666667
22-12-2025,Bangalore,Winter,12,2025,25.91428571,15.18571429,0,11.84285714,Dry,Pleasant,42,28,1,23.66666667
22-12-2025,Chennai,Winter,12,2025,28.5,22.55714286,0.9,16.65714286,Dry,Pleasant,64,38,1,34.33333333
22-12-2025,Delhi,Winter,12,2025,21.2,10.4,0,8.285714286,Dry,Pleasant,41,46,1,29.33333333
22-12-2025,Jaipur,Winter,12,2025,22.75714286,10.78571429,0,7.842857143,Dry,Pleasant,25,28,0,17.66666667
22-12-2025,Kolkata,Winter,12,2025,23.84285714,13.94285714,0,9.428571429,Dry,Pleasant,44,50,0,31.33333333
22-12-2025,Lucknow,Winter,12,2025,19.77142857,10.2,0,7.414285714,Dry,Cold,42,54,0,32
22-12-2025,Mumbai,Winter,12,2025,31.77142857,19.57142857,0,14.21428571,Dry,Hot,32,35,1,22.66666667
22-12-2025,Pune,Winter,12,2025,28.25714286,13.84285714,0,11.07142857,Dry,Pleasant,32,35,1,22.66666667
